BEGIN TRANSACTION;
CREATE TABLE [Floors] (
[id] INTEGER  NOT NULL PRIMARY KEY ,
[name] vARCHAR(100)  NOT NULL,
[description] teXT  NULL,
[from_number] varCHAR(100)  NULL,
[to_number] varCHAR(100)  NULL,
[library_id] inTEGER  NULL
);
INSERT INTO Floors VALUES(1,'1st Floor',NULL,'A','DC',1);
INSERT INTO Floors VALUES(2,'Ground Floor',NULL,'DD','HB 149 Z9',1);
INSERT INTO Floors VALUES(3,'Basement',NULL,'HB 150','HV 5999',1);
INSERT INTO Floors VALUES(4,'Basement Dewey',NULL,001,999,1);
INSERT INTO Floors VALUES(5,'1st Floor',NULL,'HV 6000','KZ',2);
INSERT INTO Floors VALUES(6,'2nd Floor',NULL,'L','PS 3299',2);
INSERT INTO Floors VALUES(7,'3rd Floor',NULL,'PS 3302','Z',2);
INSERT INTO Floors VALUES(8,'3rd Floor - Jackson Documents (State/International Govt. Documents)',NULL,'','',2);
INSERT INTO Floors VALUES(9,'3rd Floor - US Government Documents',NULL,'','',2);
CREATE TABLE [Stacks] (
[id] INTEGER  PRIMARY KEY  NOT NULL,
[number] inTEGER  NOT NULL,
[number_url] vARCHAR(256)  NULL,
[begins_with] varCHAR(40)  NULL,
[ends_with] vaRCHAR(40)  NULL,
[map_coords] vaRCHAR(40)  NULL,
[map_url] vARCHAR(256)  NULL,
[map_id] inTEGER  NULL,
[floor_id] iNTEGER  NOT NULL
);
INSERT INTO Stacks VALUES(2,101,'http://www.wsulibs.wsu.edu/Usered/tutorials/hatmapsstacks/A101.html','A 1 A1','AE 25 D9','246&posy=274&height=4&width=34','holland_1st.php',NULL,1);
INSERT INTO Stacks VALUES(3,102,'http://www.wsulibs.wsu.edu/Usered/tutorials/hatmapsstacks/A102-103.html','AE 25 E1','AI 3 R48 v.42',NULL,NULL,NULL,1);
INSERT INTO Stacks VALUES(4,103,'http://www.wsulibs.wsu.edu/Usered/tutorials/hatmapsstacks/A103.html','AI 3 R48 v.43','AP 1 S9 v.69',NULL,NULL,NULL,1);
INSERT INTO Stacks VALUES(5,104,'http://www.wsulibs.wsu.edu/Usered/tutorials/hatmapsstacks/A103-114.html','AP 1 S9 v.70','AP 2 E8451',NULL,NULL,NULL,1);
INSERT INTO Stacks VALUES(6,105,'http://www.wsulibs.wsu.edu/Usered/tutorials/hatmapsstacks/A103-114.html','AP 2 E8452','AP 2 L9',NULL,NULL,NULL,1);
INSERT INTO Stacks VALUES(7,106,'http://www.wsulibs.wsu.edu/Usered/tutorials/hatmapsstacks/A103-114.html','AP 2 M1','AP 2 N66 v.29',NULL,NULL,NULL,1);
INSERT INTO Stacks VALUES(8,107,'http://www.wsulibs.wsu.edu/Usered/tutorials/hatmapsstacks/A103-114.html','AP 2 N66 v30','AP 2 R255 v.8 pt.1',NULL,NULL,NULL,1);
INSERT INTO Stacks VALUES(9,108,'http://www.wsulibs.wsu.edu/Usered/tutorials/hatmapsstacks/A103-114.html','AP 2 R255 v.8 pt.2','AP 2 S5 v.84',NULL,NULL,NULL,1);
INSERT INTO Stacks VALUES(10,109,'http://www.wsulibs.wsu.edu/Usered/tutorials/hatmapsstacks/A103-114.html','AP 2 S5 v.85','AP 2 U735 v.46',NULL,NULL,NULL,1);
INSERT INTO Stacks VALUES(11,110,'http://www.wsulibs.wsu.edu/Usered/tutorials/hatmapsstacks/A103-114.html','AP 2 U735 v.47','AP 4 N16 v.19',NULL,NULL,NULL,1);
INSERT INTO Stacks VALUES(12,111,'http://www.wsulibs.wsu.edu/Usered/tutorials/hatmapsstacks/A103-114.html','AP 4 n16 v.20','AP 8 I25 v.99',NULL,NULL,NULL,1);
INSERT INTO Stacks VALUES(13,112,'http://www.wsulibs.wsu.edu/Usered/tutorials/hatmapsstacks/A103-114.html','AP 8 I25 v.100','AP 30 A71',NULL,NULL,NULL,1);
INSERT INTO Stacks VALUES(14,113,'http://www.wsulibs.wsu.edu/Usered/tutorials/hatmapsstacks/A103-114.html','AP 30 A72','AP 60 P9',NULL,NULL,NULL,1);
INSERT INTO Stacks VALUES(15,114,'http://www.wsulibs.wsu.edu/Usered/tutorials/hatmapsstacks/A114-116.html','AP 60 Q1','AS 8 E5 28th',NULL,NULL,NULL,1);
INSERT INTO Stacks VALUES(16,115,'http://www.wsulibs.wsu.edu/Usered/tutorials/hatmapsstacks/A114-116.html','AS 8 E5 29th','AS 162 P27',NULL,NULL,NULL,1);
INSERT INTO Stacks VALUES(17,116,'http://www.wsulibs.wsu.edu/Usered/tutorials/hatmapsstacks/A116.html','AS 162 P28','B 1 A79',NULL,NULL,NULL,1);
INSERT INTO Stacks VALUES(18,117,'http://www.wsulibs.wsu.edu/Usered/tutorials/hatmapsstacks/B116-122.html','B 1 A8','B 2 D53x v.16',NULL,NULL,NULL,1);
INSERT INTO Stacks VALUES(19,118,'http://www.wsulibs.wsu.edu/Usered/tutorials/hatmapsstacks/B116-122.html','B 2 D53x v.17','B 133 G5',NULL,NULL,NULL,1);
INSERT INTO Stacks VALUES(20,119,'http://www.wsulibs.wsu.edu/Usered/tutorials/hatmapsstacks/B116-122.html','B 133 G51','B 831.5 H9',NULL,NULL,NULL,1);
INSERT INTO Stacks VALUES(21,120,'http://www.wsulibs.wsu.edu/Usered/tutorials/hatmapsstacks/B116-122.html','B 831.5 I1','B 1893 R33 B9',NULL,NULL,NULL,1);
INSERT INTO Stacks VALUES(22,121,'http://www.wsulibs.wsu.edu/Usered/tutorials/hatmapsstacks/B116-122.html','B 1893 R33 C1','B 3316 A25',NULL,NULL,NULL,1);
INSERT INTO Stacks VALUES(23,122,'http://www.wsulibs.wsu.edu/Usered/tutorials/hatmapsstacks/B122.html','B 3316 A26','BD 438 Q9',NULL,NULL,NULL,1);
INSERT INTO Stacks VALUES(24,123,'http://www.wsulibs.wsu.edu/Usered/tutorials/hatmapsstacks/B122-123.html','BD 438 R1','BF 1 P79',NULL,NULL,NULL,1);
INSERT INTO Stacks VALUES(25,124,'http://www.wsulibs.wsu.edu/Usered/tutorials/hatmapsstacks/B123-129.html','BF 1 P8','BF 173 A2 M9',NULL,NULL,NULL,1);
INSERT INTO Stacks VALUES(26,125,'http://www.wsulibs.wsu.edu/Usered/tutorials/hatmapsstacks/B123-129.html','BF 173 A2 N1','BF 371 P69',NULL,NULL,NULL,1);
INSERT INTO Stacks VALUES(27,126,'http://www.wsulibs.wsu.edu/Usered/tutorials/hatmapsstacks/B123-129.html','BF 371 P7','BF 637 G9',NULL,NULL,NULL,1);
INSERT INTO Stacks VALUES(28,127,'http://www.wsulibs.wsu.edu/Usered/tutorials/hatmapsstacks/B123-129.html','BF 637 H1','BF 721 P79',NULL,NULL,NULL,1);
INSERT INTO Stacks VALUES(29,128,'http://www.wsulibs.wsu.edu/Usered/tutorials/hatmapsstacks/B123-129.html','BF 721 P8','BF 1589 L9',NULL,NULL,NULL,1);
INSERT INTO Stacks VALUES(30,129,'http://www.wsulibs.wsu.edu/Usered/tutorials/hatmapsstacks/B129.html','BF 1589 M1','BL 1 H5 v.30',NULL,NULL,NULL,1);
INSERT INTO Stacks VALUES(31,130,'http://www.wsulibs.wsu.edu/Usered/tutorials/hatmapsstacks/B129-132.html','BL 1 H5 v.31','BL 625 E39',NULL,NULL,NULL,1);
INSERT INTO Stacks VALUES(32,131,'http://www.wsulibs.wsu.edu/Usered/tutorials/hatmapsstacks/B129-132.html','BL 625 E4','BL 2001.2 F9',NULL,NULL,NULL,1);
INSERT INTO Stacks VALUES(33,132,'http://www.wsulibs.wsu.edu/Usered/tutorials/hatmapsstacks/B132.html','BL 2001.2 G1','BP 163 S35',NULL,NULL,NULL,1);
INSERT INTO Stacks VALUES(34,133,'http://www.wsulibs.wsu.edu/Usered/tutorials/hatmapsstacks/B133.html','BP 163 S35','BR 53 M49',NULL,NULL,NULL,1);
INSERT INTO Stacks VALUES(35,134,'http://www.wsulibs.wsu.edu/Usered/tutorials/hatmapsstacks/B133-135.html','BR 53 M5','BR 754 U9',NULL,NULL,NULL,1);
INSERT INTO Stacks VALUES(36,135,'http://www.wsulibs.wsu.edu/Usered/tutorials/hatmapsstacks/B135-136.html','BR 754 W1','BS 2555.5 R9',NULL,NULL,NULL,1);
INSERT INTO Stacks VALUES(37,136,'http://www.wsulibs.wsu.edu/Usered/tutorials/hatmapsstacks/B136.html','BS 2555.5 S1','BV 4208 I79',NULL,NULL,NULL,1);
INSERT INTO Stacks VALUES(38,137,'http://www.wsulibs.wsu.edu/Usered/tutorials/hatmapsstacks/B137-139.html','BV 4208 I8','BX 2618 Z9',NULL,NULL,NULL,1);
INSERT INTO Stacks VALUES(39,138,'http://www.wsulibs.wsu.edu/Usered/tutorials/hatmapsstacks/B137-139.html','BX 2619 A1','BX 8635.1 Z9',NULL,NULL,NULL,1);
INSERT INTO Stacks VALUES(40,139,'http://www.wsulibs.wsu.edu/Usered/tutorials/hatmapsstacks/C139-140.html','BX 8635.2 A1','CB 425 J9',NULL,NULL,NULL,1);
INSERT INTO Stacks VALUES(41,140,'http://www.wsulibs.wsu.edu/Usered/tutorials/hatmapsstacks/C140.html','CB 425 K1','CS 42 L9',NULL,NULL,NULL,1);
INSERT INTO Stacks VALUES(42,141,'http://www.wsulibs.wsu.edu/Usered/tutorials/hatmapsstacks/C141.html','CS 42 M1','D1 D5 1985',NULL,NULL,NULL,1);
INSERT INTO Stacks VALUES(43,142,'http://www.wsulibs.wsu.edu/Usered/tutorials/hatmapsstacks/D141-142.html','D1 D5 1986','D 16.2 H49',NULL,NULL,NULL,1);
INSERT INTO Stacks VALUES(44,143,'http://www.wsulibs.wsu.edu/Usered/tutorials/hatmapsstacks/D142-148.html','D 16.2 H5','D 202 F9',NULL,NULL,NULL,1);
INSERT INTO Stacks VALUES(45,144,'http://www.wsulibs.wsu.edu/Usered/tutorials/hatmapsstacks/D142-148.html','D 202 H1','D 445 H49',NULL,NULL,NULL,1);
INSERT INTO Stacks VALUES(46,145,'http://www.wsulibs.wsu.edu/Usered/tutorials/hatmapsstacks/D142-148.html','D 445 H5','D764 H59',NULL,NULL,NULL,1);
INSERT INTO Stacks VALUES(47,146,'http://www.wsulibs.wsu.edu/Usered/tutorials/hatmapsstacks/D142-148.html','D764 H6','D 810 S7 B649',NULL,NULL,NULL,1);
INSERT INTO Stacks VALUES(48,147,'http://www.wsulibs.wsu.edu/Usered/tutorials/hatmapsstacks/D142-148.html','D 810 S7 B65','D 839.3 C6 no. 289',NULL,NULL,NULL,1);
INSERT INTO Stacks VALUES(49,148,'http://www.wsulibs.wsu.edu/Usered/tutorials/hatmapsstacks/D148-152.html','D839.3 C6 no. 290','DA 28 P49',NULL,NULL,NULL,1);
INSERT INTO Stacks VALUES(50,149,'http://www.wsulibs.wsu.edu/Usered/tutorials/hatmapsstacks/D148-152.html','DA 28 P5','DA 255 Z9',NULL,NULL,NULL,1);
INSERT INTO Stacks VALUES(51,150,'http://www.wsulibs.wsu.edu/Usered/tutorials/hatmapsstacks/D148-152.html','DA 256 A1','DA 535 R9',NULL,NULL,NULL,1);
INSERT INTO Stacks VALUES(52,151,'http://www.wsulibs.wsu.edu/Usered/tutorials/hatmapsstacks/D148-152.html','DA 535 S1','DA 670 H2 V6',NULL,NULL,NULL,1);
INSERT INTO Stacks VALUES(53,152,'http://www.wsulibs.wsu.edu/Usered/tutorials/hatmapsstacks/D152-153.html','DA 670 H2 V6','DB 80 M31',NULL,NULL,NULL,1);
INSERT INTO Stacks VALUES(54,153,'http://www.wsulibs.wsu.edu/Usered/tutorials/hatmapsstacks/D152-153.html','DB 80 M32','DC 103 P9',NULL,NULL,NULL,1);
INSERT INTO Stacks VALUES(55,154,'http://www.wsulibs.wsu.edu/Usered/tutorials/hatmapsstacks/D153-155.html','DC 103 Q1','DC 316 P9',NULL,NULL,NULL,1);
INSERT INTO Stacks VALUES(56,155,'http://www.wsulibs.wsu.edu/Usered/tutorials/hatmapsstacks/D153-155.html','DC 316 Q1','DC 9999 Z9',NULL,NULL,NULL,1);
INSERT INTO Stacks VALUES(57,201,'http://www.wsulibs.wsu.edu/Usered/tutorials/hatmapsstacks/D201-203.html','DD 1 A1','DD 247 H4',NULL,NULL,NULL,2);
INSERT INTO Stacks VALUES(58,202,'http://www.wsulibs.wsu.edu/Usered/tutorials/hatmapsstacks/D201-203.html','DD 247 H41','DD 261 G2',NULL,NULL,NULL,2);
INSERT INTO Stacks VALUES(59,203,'http://www.wsulibs.wsu.edu/Usered/tutorials/hatmapsstacks/D201-203.html','DD 261 G3','DD 999 Z9',NULL,NULL,NULL,2);
INSERT INTO Stacks VALUES(60,204,'','EMPTY','EMPTY',NULL,NULL,NULL,2);
INSERT INTO Stacks VALUES(61,205,'','EMPTY','EMPTY',NULL,NULL,NULL,2);
INSERT INTO Stacks VALUES(62,206,'','EMPTY','EMPTY',NULL,NULL,NULL,2);
INSERT INTO Stacks VALUES(63,207,'http://www.wsulibs.wsu.edu/Usered/tutorials/hatmapsstacks/D207.html','DE 1 A1','DG 67 Z9',NULL,NULL,NULL,2);
INSERT INTO Stacks VALUES(64,208,'http://www.wsulibs.wsu.edu/Usered/tutorials/hatmapsstacks/D208.html','DG 68 A1','DK 1 I8 v.44',NULL,NULL,NULL,2);
INSERT INTO Stacks VALUES(65,209,'http://www.wsulibs.wsu.edu/Usered/tutorials/hatmapsstacks/D208-211.html','DK 1 I8 v.45','DK 171.9 Z9',NULL,NULL,NULL,2);
INSERT INTO Stacks VALUES(66,210,'http://www.wsulibs.wsu.edu/Usered/tutorials/hatmapsstacks/D208-211.html','DK 172 A1','DK 288 L36',NULL,NULL,NULL,2);
INSERT INTO Stacks VALUES(67,211,'http://www.wsulibs.wsu.edu/Usered/tutorials/hatmapsstacks/D211-212.html','DK 288 L37','DL Z9',NULL,NULL,NULL,2);
INSERT INTO Stacks VALUES(68,212,'http://www.wsulibs.wsu.edu/Usered/tutorials/hatmapsstacks/D212-213.html','DL 501 A1','DR 259 Z9',NULL,NULL,NULL,2);
INSERT INTO Stacks VALUES(69,213,'http://www.wsulibs.wsu.edu/Usered/tutorials/hatmapsstacks/D213-223.html','DR 260 A1','DS 35.69 Z9',NULL,NULL,NULL,2);
INSERT INTO Stacks VALUES(70,214,'http://www.wsulibs.wsu.edu/Usered/tutorials/hatmapsstacks/D213-223.html','DS 35.7 A1','DS 79.9 G9',NULL,NULL,NULL,2);
INSERT INTO Stacks VALUES(71,215,'http://www.wsulibs.wsu.edu/Usered/tutorials/hatmapsstacks/D213-223.html','DS 79.9 H1','DS 133 Z9',NULL,NULL,NULL,2);
INSERT INTO Stacks VALUES(72,216,'http://www.wsulibs.wsu.edu/Usered/tutorials/hatmapsstacks/D213-223.html','DS 134 A1','DS 329 Z9',NULL,NULL,NULL,2);
INSERT INTO Stacks VALUES(73,217,'http://www.wsulibs.wsu.edu/Usered/tutorials/hatmapsstacks/D213-223.html','DS 329.1 A1','DS 478 G9',NULL,NULL,NULL,2);
INSERT INTO Stacks VALUES(74,218,'http://www.wsulibs.wsu.edu/Usered/tutorials/hatmapsstacks/D213-223.html','DS 478 H1','DS 502 Z9',NULL,NULL,NULL,2);
INSERT INTO Stacks VALUES(75,219,'http://www.wsulibs.wsu.edu/Usered/tutorials/hatmapsstacks/D213-223.html','DS 503 A1','DS 646.3 H9',NULL,NULL,NULL,2);
INSERT INTO Stacks VALUES(76,220,'http://www.wsulibs.wsu.edu/Usered/tutorials/hatmapsstacks/D213-223.html','DS 646.3 I1','DS 755 S47',NULL,NULL,NULL,2);
INSERT INTO Stacks VALUES(77,221,'http://www.wsulibs.wsu.edu/Usered/tutorials/hatmapsstacks/D213-223.html','DS 755 S48','DS 796 S257 F79',NULL,NULL,NULL,2);
INSERT INTO Stacks VALUES(78,222,'http://www.wsulibs.wsu.edu/Usered/tutorials/hatmapsstacks/D213-223.html','DS 796 S257 F8','DS 901 K679',NULL,NULL,NULL,2);
INSERT INTO Stacks VALUES(79,223,'http://www.wsulibs.wsu.edu/Usered/tutorials/hatmapsstacks/D223-226.html','DS 901 K68','DT 61 U59',NULL,NULL,NULL,2);
INSERT INTO Stacks VALUES(80,224,'http://www.wsulibs.wsu.edu/Usered/tutorials/hatmapsstacks/D223-226.html','DT 61 U6','DT 510 G9',NULL,NULL,NULL,2);
INSERT INTO Stacks VALUES(81,225,'http://www.wsulibs.wsu.edu/Usered/tutorials/hatmapsstacks/D223-226.html','DT 510 H1','DT 930 A29',NULL,NULL,NULL,2);
INSERT INTO Stacks VALUES(82,226,'http://www.wsulibs.wsu.edu/Usered/tutorials/hatmapsstacks/D226-227.html','DT 930 A3','DU 401 Z9',NULL,NULL,NULL,2);
INSERT INTO Stacks VALUES(83,227,'http://www.wsulibs.wsu.edu/Usered/tutorials/hatmapsstacks/D227.html','DU 402 A1','E 65 K9',NULL,NULL,NULL,2);
INSERT INTO Stacks VALUES(84,228,'http://www.wsulibs.wsu.edu/Usered/tutorials/hatmapsstacks/E227-242.html','E 65 L1','E 78 S65 H8',NULL,NULL,NULL,2);
INSERT INTO Stacks VALUES(85,229,'http://www.wsulibs.wsu.edu/Usered/tutorials/hatmapsstacks/E227-242.html','E 78 S65 H81','E 99 C13 B9',NULL,NULL,NULL,2);
INSERT INTO Stacks VALUES(86,230,'http://www.wsulibs.wsu.edu/Usered/tutorials/hatmapsstacks/E227-242.html','E 99 C13 C1','E 101 C9',NULL,NULL,NULL,2);
INSERT INTO Stacks VALUES(87,231,'http://www.wsulibs.wsu.edu/Usered/tutorials/hatmapsstacks/E227-242.html','E 101 D1','E 171 A43 v.22',NULL,NULL,NULL,2);
INSERT INTO Stacks VALUES(88,232,'http://www.wsulibs.wsu.edu/Usered/tutorials/hatmapsstacks/E227-242.html','E 171 A43 v.23','E 178 B3 v.2',NULL,NULL,NULL,2);
INSERT INTO Stacks VALUES(89,233,'http://www.wsulibs.wsu.edu/Usered/tutorials/hatmapsstacks/E227-242.html','E 178 B3 v.3','E 183.8 S65 B9',NULL,NULL,NULL,2);
INSERT INTO Stacks VALUES(90,234,'http://www.wsulibs.wsu.edu/Usered/tutorials/hatmapsstacks/E227-242.html','E 183.8 S65 C1','E 185 A9',NULL,NULL,NULL,2);
INSERT INTO Stacks VALUES(91,235,'http://www.wsulibs.wsu.edu/Usered/tutorials/hatmapsstacks/E227-242.html','E 185 B1','E 185.96 V9',NULL,NULL,NULL,2);
INSERT INTO Stacks VALUES(92,236,'http://www.wsulibs.wsu.edu/Usered/tutorials/hatmapsstacks/E227-242.html','E 185.96 W1','E 302.6 C3 G9',NULL,NULL,NULL,2);
INSERT INTO Stacks VALUES(93,237,'http://www.wsulibs.wsu.edu/Usered/tutorials/hatmapsstacks/E227-242.html','E 302.6 C3 H1','E 427 Z9',NULL,NULL,NULL,2);
INSERT INTO Stacks VALUES(94,238,'http://www.wsulibs.wsu.edu/Usered/tutorials/hatmapsstacks/E227-242.html','E 428 A1','E 475.97 B9',NULL,NULL,NULL,2);
INSERT INTO Stacks VALUES(95,239,'http://www.wsulibs.wsu.edu/Usered/tutorials/hatmapsstacks/E227-242.html','E 475.97 C1','E 743 D334',NULL,NULL,NULL,2);
INSERT INTO Stacks VALUES(96,240,'http://www.wsulibs.wsu.edu/Usered/tutorials/hatmapsstacks/E227-242.html','E 743 D345','E 785 V58',NULL,NULL,NULL,2);
INSERT INTO Stacks VALUES(97,241,'http://www.wsulibs.wsu.edu/Usered/tutorials/hatmapsstacks/E227-242.html','E 785 V58 1984','E 840.8 P39',NULL,NULL,NULL,2);
INSERT INTO Stacks VALUES(98,242,'http://www.wsulibs.wsu.edu/Usered/tutorials/hatmapsstacks/F242-254.html','E 840.8 P4','F 46 V55 v.60',NULL,NULL,NULL,2);
INSERT INTO Stacks VALUES(99,243,'http://www.wsulibs.wsu.edu/Usered/tutorials/hatmapsstacks/F242-254.html','F 46 V55 v.61','F 206 J68 v.50',NULL,NULL,NULL,2);
INSERT INTO Stacks VALUES(100,244,'http://www.wsulibs.wsu.edu/Usered/tutorials/hatmapsstacks/F242-254.html','F 206 J68 v.51','F 379 N59',NULL,NULL,NULL,2);
INSERT INTO Stacks VALUES(101,245,'http://www.wsulibs.wsu.edu/Usered/tutorials/hatmapsstacks/F242-254.html','F 379 N6','F 591 S649',NULL,NULL,NULL,2);
INSERT INTO Stacks VALUES(102,246,'http://www.wsulibs.wsu.edu/Usered/tutorials/hatmapsstacks/F242-254.html','F 591 S65','F 741 I 19',NULL,NULL,NULL,2);
INSERT INTO Stacks VALUES(103,247,'http://www.wsulibs.wsu.edu/Usered/tutorials/hatmapsstacks/F242-254.html','F 741 I 2','F 851 P18 v.49',NULL,NULL,NULL,2);
INSERT INTO Stacks VALUES(104,248,'http://www.wsulibs.wsu.edu/Usered/tutorials/hatmapsstacks/F242-254.html','F 851 P18 v.50','F 886 R9',NULL,NULL,NULL,2);
INSERT INTO Stacks VALUES(105,249,'http://www.wsulibs.wsu.edu/Usered/tutorials/hatmapsstacks/F242-254.html','F 886 S1','F 1015 B66',NULL,NULL,NULL,2);
INSERT INTO Stacks VALUES(106,250,'http://www.wsulibs.wsu.edu/Usered/tutorials/hatmapsstacks/F242-254.html','F 1015 B67','F 1201 U9',NULL,NULL,NULL,2);
INSERT INTO Stacks VALUES(107,251,'http://www.wsulibs.wsu.edu/Usered/tutorials/hatmapsstacks/F242-254.html','F 1201V1','F 1401 L24',NULL,NULL,NULL,2);
INSERT INTO Stacks VALUES(108,252,'http://www.wsulibs.wsu.edu/Usered/tutorials/hatmapsstacks/F242-254.html','F 1401 L25','F 1519 Z9',NULL,NULL,NULL,2);
INSERT INTO Stacks VALUES(109,253,'http://www.wsulibs.wsu.edu/Usered/tutorials/hatmapsstacks/F242-254.html','F 1520 A1','F 2520.1 X9',NULL,NULL,NULL,2);
INSERT INTO Stacks VALUES(110,254,'http://www.wsulibs.wsu.edu/Usered/tutorials/hatmapsstacks/G254-257.html','F 2520.1 Y1','G 1 C36x v.37',NULL,NULL,NULL,2);
INSERT INTO Stacks VALUES(111,255,'http://www.wsulibs.wsu.edu/Usered/tutorials/hatmapsstacks/G254-257.html','G1 C36x v.38','G 149 T74',NULL,NULL,NULL,2);
INSERT INTO Stacks VALUES(112,256,'http://www.wsulibs.wsu.edu/Usered/tutorials/hatmapsstacks/G254-257.html','G 149 T75','G1999 Z9',NULL,NULL,NULL,2);
INSERT INTO Stacks VALUES(113,257,'http://www.wsulibs.wsu.edu/Usered/tutorials/hatmapsstacks/G257.html','G 1200 A1','GN 1 A48 New Ser v.104 no.1-2',NULL,NULL,NULL,2);
INSERT INTO Stacks VALUES(114,258,'http://www.wsulibs.wsu.edu/Usered/tutorials/hatmapsstacks/G257-261.html','GN 1 A48 New Ser v.104 no.3-4','GN 2 O9',NULL,NULL,NULL,2);
INSERT INTO Stacks VALUES(115,259,'http://www.wsulibs.wsu.edu/Usered/tutorials/hatmapsstacks/G257-261.html','GN 2 P1','GN 346.2 Z9',NULL,NULL,NULL,2);
INSERT INTO Stacks VALUES(116,260,'http://www.wsulibs.wsu.edu/Usered/tutorials/hatmapsstacks/G257-261.html','GN 346.3 A1','GN 671 N5 A93',NULL,NULL,NULL,2);
INSERT INTO Stacks VALUES(117,261,'http://www.wsulibs.wsu.edu/Usered/tutorials/hatmapsstacks/G261-262.html','GN 671 N5 A94','GR 110 P4 R9',NULL,NULL,NULL,2);
INSERT INTO Stacks VALUES(118,262,'http://www.wsulibs.wsu.edu/Usered/tutorials/hatmapsstacks/G261-262.html','GR 110 P4 S1','GV 1 P3 v.20',NULL,NULL,NULL,2);
INSERT INTO Stacks VALUES(119,263,'http://www.wsulibs.wsu.edu/Usered/tutorials/hatmapsstacks/G262-267.html','GV 1 P3 v.21','GV 350 R29',NULL,NULL,NULL,2);
INSERT INTO Stacks VALUES(120,264,'http://www.wsulibs.wsu.edu/Usered/tutorials/hatmapsstacks/G262-267.html','GV 350 R3','GV 706.4 J68 v.22',NULL,NULL,NULL,2);
INSERT INTO Stacks VALUES(121,265,'http://www.wsulibs.wsu.edu/Usered/tutorials/hatmapsstacks/G262-267.html','GV 706.4 J68 v.23','GV 875 C6 E9',NULL,NULL,NULL,2);
INSERT INTO Stacks VALUES(122,266,'http://www.wsulibs.wsu.edu/Usered/tutorials/hatmapsstacks/G262-267.html','GV 875 C6 F1','GV 1313 C71 v.54',NULL,NULL,NULL,2);
INSERT INTO Stacks VALUES(123,267,'http://www.wsulibs.wsu.edu/Usered/tutorials/hatmapsstacks/G262-267.html','GV 1313 C71 v.55','H 1 F8 v.32',NULL,NULL,NULL,2);
INSERT INTO Stacks VALUES(124,268,'http://www.wsulibs.wsu.edu/Usered/tutorials/hatmapsstacks/H267-271.html','H1 F8 v.33','H 1 P8 v.28',NULL,NULL,NULL,2);
INSERT INTO Stacks VALUES(125,269,'http://www.wsulibs.wsu.edu/Usered/tutorials/hatmapsstacks/H267-271.html','H 1 P8 v.29','H 31 C514 no.208',NULL,NULL,NULL,2);
INSERT INTO Stacks VALUES(126,270,'http://www.wsulibs.wsu.edu/Usered/tutorials/hatmapsstacks/H267-271.html','H 31 C514 no.209','H 62 P 49',NULL,NULL,NULL,2);
INSERT INTO Stacks VALUES(127,271,'http://www.wsulibs.wsu.edu/Usered/tutorials/hatmapsstacks/H267-271.html','H 62 P5','HA 29 N59',NULL,NULL,NULL,2);
INSERT INTO Stacks VALUES(128,272,'http://www.wsulibs.wsu.edu/Usered/tutorials/hatmapsstacks/H272-275.html','HA 29 N6','HB 1 C65x v.14',NULL,NULL,NULL,2);
INSERT INTO Stacks VALUES(129,273,'http://www.wsulibs.wsu.edu/Usered/tutorials/hatmapsstacks/H272-275.html','HB 1 C65x v.15','HB 1 S3 v.26',NULL,NULL,NULL,2);
INSERT INTO Stacks VALUES(130,274,'http://www.wsulibs.wsu.edu/Usered/tutorials/hatmapsstacks/H272-275.html','HB 1 S3 v.27','HB 75 G7',NULL,NULL,NULL,2);
INSERT INTO Stacks VALUES(131,275,'http://www.wsulibs.wsu.edu/Usered/tutorials/hatmapsstacks/H272-275.html','HB 75 G7','HB 149 Z9',NULL,NULL,NULL,2);
INSERT INTO Stacks VALUES(132,301,'http://www.wsulibs.wsu.edu/Usered/tutorials/hatmapsstacks/H272-275.html','HB 150 A1','HB 849.415 P66',NULL,NULL,NULL,3);
INSERT INTO Stacks VALUES(133,302,'http://www.wsulibs.wsu.edu/Usered/tutorials/hatmapsstacks/H302-311.html','HB 849.415 P67','HC 10 J64 v.62 no.1-2',NULL,NULL,NULL,3);
INSERT INTO Stacks VALUES(134,303,'http://www.wsulibs.wsu.edu/Usered/tutorials/hatmapsstacks/H302-311.html','HC 10 J64 v.62 no.3-4','HC 59.7 T453x',NULL,NULL,NULL,3);
INSERT INTO Stacks VALUES(135,304,'http://www.wsulibs.wsu.edu/Usered/tutorials/hatmapsstacks/H302-311.html','HC 59.7 T453x','HC 101 B9',NULL,NULL,NULL,3);
INSERT INTO Stacks VALUES(136,305,'http://www.wsulibs.wsu.edu/Usered/tutorials/hatmapsstacks/H302-311.html','HC 101 C1','HC 107 A12 A9',NULL,NULL,NULL,3);
INSERT INTO Stacks VALUES(137,306,'http://www.wsulibs.wsu.edu/Usered/tutorials/hatmapsstacks/H302-311.html','HC 107 A12 B1','HC 117 M3 L9',NULL,NULL,NULL,3);
INSERT INTO Stacks VALUES(138,307,'http://www.wsulibs.wsu.edu/Usered/tutorials/hatmapsstacks/H302-311.html','HC 117 M3 M1','HC 244 M29',NULL,NULL,NULL,3);
INSERT INTO Stacks VALUES(139,308,'http://www.wsulibs.wsu.edu/Usered/tutorials/hatmapsstacks/H302-311.html','HC 244 M3','HC 336.27 P665',NULL,NULL,NULL,3);
INSERT INTO Stacks VALUES(140,309,'http://www.wsulibs.wsu.edu/Usered/tutorials/hatmapsstacks/H302-311.html','HC 336.27 P666','HC 431 I43 v.49',NULL,NULL,NULL,3);
INSERT INTO Stacks VALUES(141,310,'http://www.wsulibs.wsu.edu/Usered/tutorials/hatmapsstacks/H302-311.html','HC 431 I43 v.50','HC 659 Z9',NULL,NULL,NULL,3);
INSERT INTO Stacks VALUES(142,311,'http://www.wsulibs.wsu.edu/Usered/tutorials/hatmapsstacks/H311-327.html','HC 660 A1','HD 30.28 A38',NULL,NULL,NULL,3);
INSERT INTO Stacks VALUES(143,312,'http://www.wsulibs.wsu.edu/Usered/tutorials/hatmapsstacks/H311-327.html','HD 30.28 A381','HD 58.7 M49',NULL,NULL,NULL,3);
INSERT INTO Stacks VALUES(144,313,'http://www.wsulibs.wsu.edu/Usered/tutorials/hatmapsstacks/H311-327.html','HD 58.7 M5','HD 82 D387',NULL,NULL,NULL,3);
INSERT INTO Stacks VALUES(145,314,'http://www.wsulibs.wsu.edu/Usered/tutorials/hatmapsstacks/H311-327.html','HD 82 D 388','HD 1401 A5 v.33',NULL,NULL,NULL,3);
INSERT INTO Stacks VALUES(146,315,'http://www.wsulibs.wsu.edu/Usered/tutorials/hatmapsstacks/H311-327.html','HD 1401 A5 v.34','HD 2346 U5 A76',NULL,NULL,NULL,3);
INSERT INTO Stacks VALUES(147,316,'http://www.wsulibs.wsu.edu/Usered/tutorials/hatmapsstacks/H311-327.html','HD 2346 U5 A76','HD 2777 C58 1962',NULL,NULL,NULL,3);
INSERT INTO Stacks VALUES(148,317,'http://www.wsulibs.wsu.edu/Usered/tutorials/hatmapsstacks/H311-327.html','HD 2777 C58 1963','HD 4826 I63',NULL,NULL,NULL,3);
INSERT INTO Stacks VALUES(149,318,'http://www.wsulibs.wsu.edu/Usered/tutorials/hatmapsstacks/H311-327.html','HD 4826 I 63','HD 5725 W31 K55x 1985',NULL,NULL,NULL,3);
INSERT INTO Stacks VALUES(150,319,'http://www.wsulibs.wsu.edu/Usered/tutorials/hatmapsstacks/H311-327.html','HD 5725 W31 K55x 1985 c.2','HD 6515 L8 H9',NULL,NULL,NULL,3);
INSERT INTO Stacks VALUES(151,320,'http://www.wsulibs.wsu.edu/Usered/tutorials/hatmapsstacks/H311-327.html','HD 6515 L8 I1','HD 7801 O345',NULL,NULL,NULL,3);
INSERT INTO Stacks VALUES(152,321,'http://www.wsulibs.wsu.edu/Usered/tutorials/hatmapsstacks/H311-327.html','HD 7801 O346','HD 8389 D9',NULL,NULL,NULL,3);
INSERT INTO Stacks VALUES(153,322,'http://www.wsulibs.wsu.edu/Usered/tutorials/hatmapsstacks/H311-327.html','HD 8389 E1','HD 9198 G9',NULL,NULL,NULL,3);
INSERT INTO Stacks VALUES(154,323,'http://www.wsulibs.wsu.edu/Usered/tutorials/hatmapsstacks/H311-327.html','HD 9198 H1','HD 9512 Z9',NULL,NULL,NULL,3);
INSERT INTO Stacks VALUES(155,324,'http://www.wsulibs.wsu.edu/Usered/tutorials/hatmapsstacks/H311-327.html','HD 9513 A1','HD 9665.1 R9',NULL,NULL,NULL,3);
INSERT INTO Stacks VALUES(156,325,'http://www.wsulibs.wsu.edu/Usered/tutorials/hatmapsstacks/H311-327.html','HD 9665.1 S1','HD 9715 A2 B9',NULL,NULL,NULL,3);
INSERT INTO Stacks VALUES(157,326,'http://www.wsulibs.wsu.edu/Usered/tutorials/hatmapsstacks/H311-327.html','HD 9715 A2 C1','HD 9899 Z9',NULL,NULL,NULL,3);
INSERT INTO Stacks VALUES(158,327,'http://www.wsulibs.wsu.edu/Usered/tutorials/hatmapsstacks/H327-330.html','HD 9900 A1','HE 191.9 Z9',NULL,NULL,NULL,3);
INSERT INTO Stacks VALUES(159,328,'http://www.wsulibs.wsu.edu/Usered/tutorials/hatmapsstacks/H327-330.html','HE 192 A1','HE 1061 R9',NULL,NULL,NULL,3);
INSERT INTO Stacks VALUES(160,329,'http://www.wsulibs.wsu.edu/Usered/tutorials/hatmapsstacks/H327-330.html','HE 1061 S1','HE 6187 P36 v.26',NULL,NULL,NULL,3);
INSERT INTO Stacks VALUES(161,330,'http://www.wsulibs.wsu.edu/Usered/tutorials/hatmapsstacks/H330-339.html','HE 6187 P36 v.27','HF 1 N4 v.75',NULL,NULL,NULL,3);
INSERT INTO Stacks VALUES(162,331,'http://www.wsulibs.wsu.edu/Usered/tutorials/hatmapsstacks/H330-339.html','HF 1 N4 v.76','HF 1414 N9',NULL,NULL,NULL,3);
INSERT INTO Stacks VALUES(163,332,'http://www.wsulibs.wsu.edu/Usered/tutorials/hatmapsstacks/H330-339.html','HF 1414 O1','HF 3831 C47 1986',NULL,NULL,NULL,3);
INSERT INTO Stacks VALUES(164,333,'http://www.wsulibs.wsu.edu/Usered/tutorials/hatmapsstacks/H330-339.html','HF 3831 C47 1987','HF 5001 J59',NULL,NULL,NULL,3);
INSERT INTO Stacks VALUES(165,334,'http://www.wsulibs.wsu.edu/Usered/tutorials/hatmapsstacks/H330-339.html','HF 5001 J6','HF 5415 D69',NULL,NULL,NULL,3);
INSERT INTO Stacks VALUES(166,335,'http://www.wsulibs.wsu.edu/Usered/tutorials/hatmapsstacks/H330-339.html','HF 5415 D7','HF 5465 U5 N28 47th',NULL,NULL,NULL,3);
INSERT INTO Stacks VALUES(167,336,'http://www.wsulibs.wsu.edu/Usered/tutorials/hatmapsstacks/H330-339.html','HF 5465 U5 N28 48th','HF 5549.5 I5 M392',NULL,NULL,NULL,3);
INSERT INTO Stacks VALUES(168,337,'http://www.wsulibs.wsu.edu/Usered/tutorials/hatmapsstacks/H330-339.html','HF 5549.5 I5 M393','HF 5630 I9',NULL,NULL,NULL,3);
INSERT INTO Stacks VALUES(169,338,'http://www.wsulibs.wsu.edu/Usered/tutorials/hatmapsstacks/H330-339.html','HF 5630 J1','HF 5801 J59 v.19',NULL,NULL,NULL,3);
INSERT INTO Stacks VALUES(170,339,'http://www.wsulibs.wsu.edu/Usered/tutorials/hatmapsstacks/H339-345.html','HF 5801 J59 v.20','HG 11 E2 v.199',NULL,NULL,NULL,3);
INSERT INTO Stacks VALUES(171,340,'http://www.wsulibs.wsu.edu/Usered/tutorials/hatmapsstacks/H339-345.html','HG 11 E2 v.200','HG 1501 B187 v.144 no.1-6',NULL,NULL,NULL,3);
INSERT INTO Stacks VALUES(172,341,'http://www.wsulibs.wsu.edu/Usered/tutorials/hatmapsstacks/H339-345.html','HG 1501 B187 v.144 no.7-12','HG 3881 I 575129',NULL,NULL,NULL,3);
INSERT INTO Stacks VALUES(173,342,'http://www.wsulibs.wsu.edu/Usered/tutorials/hatmapsstacks/H339-345.html','HG 2881 I 57513','HG 4501 F5 v.158',NULL,NULL,NULL,3);
INSERT INTO Stacks VALUES(174,343,'http://www.wsulibs.wsu.edu/Usered/tutorials/hatmapsstacks/H339-345.html','HG 4501 F5 v.159','HG 4931 M58 1980 v.1',NULL,NULL,NULL,3);
INSERT INTO Stacks VALUES(175,344,'http://www.wsulibs.wsu.edu/Usered/tutorials/hatmapsstacks/H339-345.html','HG 4931 M58 1980 v.2','HG 8751 N3 v.108',NULL,NULL,NULL,3);
INSERT INTO Stacks VALUES(176,345,'http://www.wsulibs.wsu.edu/Usered/tutorials/hatmapsstacks/H345-346.html','HG 8751 N3 v.109','HJ 2322 A3 E9',NULL,NULL,NULL,3);
INSERT INTO Stacks VALUES(177,346,'http://www.wsulibs.wsu.edu/Usered/tutorials/hatmapsstacks/H345-346.html','HJ 2322 A3 F1','HM 1 G9',NULL,NULL,NULL,3);
INSERT INTO Stacks VALUES(178,347,'http://www.wsulibs.wsu.edu/Usered/tutorials/hatmapsstacks/H346-350.html','HM 1 H1','HM 48 C69',NULL,NULL,NULL,3);
INSERT INTO Stacks VALUES(179,348,'http://www.wsulibs.wsu.edu/Usered/tutorials/hatmapsstacks/H346-350.html','HM 48 C7','HM 251 A757 v.6',NULL,NULL,NULL,3);
INSERT INTO Stacks VALUES(180,349,'http://www.wsulibs.wsu.edu/Usered/tutorials/hatmapsstacks/H346-350.html','HM 251 A757 v.7','HM 646 M9',NULL,NULL,NULL,3);
INSERT INTO Stacks VALUES(181,350,'http://www.wsulibs.wsu.edu/Usered/tutorials/hatmapsstacks/H350-352.html','HM 646 N1','HN 57 J2459',NULL,NULL,NULL,3);
INSERT INTO Stacks VALUES(182,351,'http://www.wsulibs.wsu.edu/Usered/tutorials/hatmapsstacks/H350-352.html','HN 57 J246','HN 398 S9',NULL,NULL,NULL,3);
INSERT INTO Stacks VALUES(183,352,'http://www.wsulibs.wsu.edu/Usered/tutorials/hatmapsstacks/H352-358.html','HN 398 T1','HQ 21 P57',NULL,NULL,NULL,3);
INSERT INTO Stacks VALUES(184,353,'http://www.wsulibs.wsu.edu/Usered/tutorials/hatmapsstacks/H352-358.html','HQ 21 P58','HQ 750 A1 C45 v.65',NULL,NULL,NULL,3);
INSERT INTO Stacks VALUES(185,354,'http://www.wsulibs.wsu.edu/Usered/tutorials/hatmapsstacks/H352-358.html','HQ 750 A1 C45 v.66','HQ 769 S64',NULL,NULL,NULL,3);
INSERT INTO Stacks VALUES(186,355,'http://www.wsulibs.wsu.edu/Usered/tutorials/hatmapsstacks/H352-358.html','HQ 769 S65','HQ 796 J625 v.17',NULL,NULL,NULL,3);
INSERT INTO Stacks VALUES(187,356,'http://www.wsulibs.wsu.edu/Usered/tutorials/hatmapsstacks/H352-358.html','HQ 796 J625 v.18','HQ 1106 1971',NULL,NULL,NULL,3);
INSERT INTO Stacks VALUES(188,357,'http://www.wsulibs.wsu.edu/Usered/tutorials/hatmapsstacks/H352-358.html','HQ 1106 1972','HQ 1593 T9',NULL,NULL,NULL,3);
INSERT INTO Stacks VALUES(189,358,'http://www.wsulibs.wsu.edu/Usered/tutorials/hatmapsstacks/H358-361.html','HQ 1593 U1','HT 101 I57 v.18',NULL,NULL,NULL,3);
INSERT INTO Stacks VALUES(190,359,'http://www.wsulibs.wsu.edu/Usered/tutorials/hatmapsstacks/H358-361.html','HT 101 I57 v.19','HT 241 R9',NULL,NULL,NULL,3);
INSERT INTO Stacks VALUES(191,360,'http://www.wsulibs.wsu.edu/Usered/tutorials/hatmapsstacks/H358-361.html','HT 241 S1','HT 1581 A59',NULL,NULL,NULL,3);
INSERT INTO Stacks VALUES(192,361,'http://www.wsulibs.wsu.edu/Usered/tutorials/hatmapsstacks/H403-407.html','HT 1581 A6','HV 244 O25 no.42',NULL,NULL,NULL,3);
INSERT INTO Stacks VALUES(193,362,'http://www.wsulibs.wsu.edu/Usered/tutorials/hatmapsstacks/H403-407.html','HV 244 O25 no.43','HV 889 Z9',NULL,NULL,NULL,3);
INSERT INTO Stacks VALUES(194,363,'http://www.wsulibs.wsu.edu/Usered/tutorials/hatmapsstacks/H403-407.html','HV 890 A1','HV 5060 R69',NULL,NULL,NULL,3);
INSERT INTO Stacks VALUES(195,364,'http://www.wsulibs.wsu.edu/Usered/tutorials/hatmapsstacks/H403-407.html','HV 5060 R7','HV 5999 Z9',NULL,NULL,NULL,3);
INSERT INTO Stacks VALUES(196,1,'',0,'011 B471',NULL,NULL,NULL,4);
INSERT INTO Stacks VALUES(197,2,'','011 B471 Bd. 9-10','029.6 H529s',NULL,NULL,NULL,4);
INSERT INTO Stacks VALUES(198,3,'','029.6 H72b','133.3T139t',NULL,NULL,NULL,4);
INSERT INTO Stacks VALUES(199,4,'','133.323 C981','157 R396p',NULL,NULL,NULL,4);
INSERT INTO Stacks VALUES(200,5,'','157 R829p','193 R135uzC',NULL,NULL,NULL,4);
INSERT INTO Stacks VALUES(201,6,'','193 K135zC2 v.1','220.7Ex762 v.17',NULL,NULL,NULL,4);
INSERT INTO Stacks VALUES(202,7,'','220.7Ex762 v.18','270.6 M546hwm v.3',NULL,NULL,NULL,4);
INSERT INTO Stacks VALUES(203,8,'','270.6 M546hwm v.4','282.05Ec28 v.74',NULL,NULL,NULL,4);
INSERT INTO Stacks VALUES(204,9,'','282.05Ec28','293 R64',NULL,NULL,NULL,4);
INSERT INTO Stacks VALUES(205,10,'','293 R97','301.422 F927p',NULL,NULL,NULL,4);
INSERT INTO Stacks VALUES(206,11,'','301.422 H726w','311.2 W585s',NULL,NULL,NULL,4);
INSERT INTO Stacks VALUES(207,12,'','311.w W899t','322 Ac72f',NULL,NULL,NULL,4);
INSERT INTO Stacks VALUES(208,13,'','322 B618f','327.73SU64u',NULL,NULL,NULL,4);
INSERT INTO Stacks VALUES(209,14,'','327.73 Su79','330.904 Ed57d',NULL,NULL,NULL,4);
INSERT INTO Stacks VALUES(210,15,'','330.902 Ez32+','331.137 W2799m',NULL,NULL,NULL,4);
INSERT INTO Stacks VALUES(211,16,'','331.137 W673h','332.4 L47m v.6',NULL,NULL,NULL,4);
INSERT INTO Stacks VALUES(212,17,'','332.4 L47m v.7','336.747 Na2s no.13-14',NULL,NULL,NULL,4);
INSERT INTO Stacks VALUES(213,18,'','336.747 N42a','338.54 H198bu',NULL,NULL,NULL,4);
INSERT INTO Stacks VALUES(214,19,'','338.54 H198r','341 M584e',NULL,NULL,NULL,4);
INSERT INTO Stacks VALUES(215,20,'','341 M697p','341.63 H124ca no.16',NULL,NULL,NULL,4);
INSERT INTO Stacks VALUES(216,21,'','341.63 H124ca no.17','345.4 L44 v.58',NULL,NULL,NULL,4);
INSERT INTO Stacks VALUES(217,22,'','345.4 L44 v.59','352.041435 B75lr',NULL,NULL,NULL,4);
INSERT INTO Stacks VALUES(218,23,'','352.042 C426c','360.5 Su79 v.75',NULL,NULL,NULL,4);
INSERT INTO Stacks VALUES(219,24,'','360.5 Su79 v.76','368.5 B621m',NULL,NULL,NULL,4);
INSERT INTO Stacks VALUES(220,25,'','368.5 C279s','379.12 Ax78f',NULL,NULL,NULL,4);
INSERT INTO Stacks VALUES(221,26,'','379.12 R526r','391.0942 L388e',NULL,NULL,NULL,4);
INSERT INTO Stacks VALUES(222,27,'','391.0942 L388EN','399.9 Z99',NULL,NULL,NULL,4);
INSERT INTO Stacks VALUES(223,28,'','emtpy','empty',NULL,NULL,NULL,4);
INSERT INTO Stacks VALUES(224,29,'','400 B62','420.9 M522a2',NULL,NULL,NULL,4);
INSERT INTO Stacks VALUES(225,30,'','400 A1','481.7 W734l',NULL,NULL,NULL,4);
INSERT INTO Stacks VALUES(226,31,'','481.7 W734l','653 G86gap',NULL,NULL,NULL,4);
INSERT INTO Stacks VALUES(227,32,'','653 G86gap','658.1 C79m',NULL,NULL,NULL,4);
INSERT INTO Stacks VALUES(228,33,'','658.1 C79m','659.105 P936 v.283',NULL,NULL,NULL,4);
INSERT INTO Stacks VALUES(229,34,'','659.105 P936 v.284','720.5 Am351 v.109',NULL,NULL,NULL,4);
INSERT INTO Stacks VALUES(230,35,'','720.5 Am351 v.110','759.2 J613RB',NULL,NULL,NULL,4);
INSERT INTO Stacks VALUES(231,36,'','759.2 J613Rz','782.08 N463s V.2',NULL,NULL,NULL,4);
INSERT INTO Stacks VALUES(232,37,'','782.08 Si53f','792.92 W693yf',NULL,NULL,NULL,4);
INSERT INTO Stacks VALUES(233,38,'','792.92 W822L','805 B568 v.XL',NULL,NULL,NULL,4);
INSERT INTO Stacks VALUES(234,39,'','805 B568 v.XLIII','805 F864 v.49',NULL,NULL,NULL,4);
INSERT INTO Stacks VALUES(235,40,'','805 F864 v.50','805 Q283 v.174',NULL,NULL,NULL,4);
INSERT INTO Stacks VALUES(236,41,'','805 Q283 v.175','808.5 M666a',NULL,NULL,NULL,4);
INSERT INTO Stacks VALUES(237,42,'','808.5 M463p','810.9 B726f',NULL,NULL,NULL,4);
INSERT INTO Stacks VALUES(238,43,'','810.9 B726f','812 St96ll',NULL,NULL,NULL,4);
INSERT INTO Stacks VALUES(239,44,'','812 St96ll','813 D38a',NULL,NULL,NULL,4);
INSERT INTO Stacks VALUES(240,45,'','813D38a','813 J23zp',NULL,NULL,NULL,4);
INSERT INTO Stacks VALUES(241,46,'','813 J23zp','814 M11es',NULL,NULL,NULL,4);
INSERT INTO Stacks VALUES(242,47,'','814 M11es','820.92 Au7k',NULL,NULL,NULL,4);
INSERT INTO Stacks VALUES(243,48,'','820.92 Au7k','821 C393c',NULL,NULL,NULL,4);
INSERT INTO Stacks VALUES(244,49,'','821 C393c','822 L533g',NULL,NULL,NULL,4);
INSERT INTO Stacks VALUES(245,50,'','822 L533g','823 D555wo',NULL,NULL,NULL,4);
INSERT INTO Stacks VALUES(246,51,'','823 D555wo','823 Sco8661',NULL,NULL,NULL,4);
INSERT INTO Stacks VALUES(247,52,'','823 Sco8661','823 L236',NULL,NULL,NULL,4);
INSERT INTO Stacks VALUES(248,53,'','828 L236','830.92 M315le',NULL,NULL,NULL,4);
INSERT INTO Stacks VALUES(249,54,'','830.92 M315le','838 G554wo',NULL,NULL,NULL,4);
INSERT INTO Stacks VALUES(250,55,'','838 G554wo','840.5 Q3r',NULL,NULL,NULL,4);
INSERT INTO Stacks VALUES(251,56,'','840.5 Q3r','841 G412l',NULL,NULL,NULL,4);
INSERT INTO Stacks VALUES(252,57,'','841 G412h','843 M445r',NULL,NULL,NULL,4);
INSERT INTO Stacks VALUES(253,58,'','843 M445r','848 B219o',NULL,NULL,NULL,4);
INSERT INTO Stacks VALUES(254,59,'','848 B219o','853 G931Le',NULL,NULL,NULL,4);
INSERT INTO Stacks VALUES(255,60,'','853 G931d','862 M36K',NULL,NULL,NULL,4);
INSERT INTO Stacks VALUES(256,61,'','862 M36K','868 A 128sz',NULL,NULL,NULL,4);
INSERT INTO Stacks VALUES(257,62,'','868 A 128sz','880.9 Y12',NULL,NULL,NULL,4);
INSERT INTO Stacks VALUES(258,63,'','880.9 Y12','891.73 T84p',NULL,NULL,NULL,4);
INSERT INTO Stacks VALUES(259,64,'','891.73 T84p','898.3 R528f',NULL,NULL,NULL,4);
INSERT INTO Stacks VALUES(260,65,'','898.3 R528f','905 L761',NULL,NULL,NULL,4);
INSERT INTO Stacks VALUES(261,66,'','905 L761','910.4 P97',NULL,NULL,NULL,4);
INSERT INTO Stacks VALUES(262,67,'','910.4 P97','914 C81v',NULL,NULL,NULL,4);
INSERT INTO Stacks VALUES(263,68,'','914 C81v','915.6 St28ak',NULL,NULL,NULL,4);
INSERT INTO Stacks VALUES(264,69,'','915.6 St28ak','918 R812r',NULL,NULL,NULL,4);
INSERT INTO Stacks VALUES(265,70,'','918 R812r','920.92 H2792r',NULL,NULL,NULL,4);
INSERT INTO Stacks VALUES(266,71,'','920.92 H2792r','920.92 Sa27c',NULL,NULL,NULL,4);
INSERT INTO Stacks VALUES(267,72,'','920.92 Sa27c','929.4 R221i',NULL,NULL,NULL,4);
INSERT INTO Stacks VALUES(268,73,'','929.4 R221i','940.9103 Al 15',NULL,NULL,NULL,4);
INSERT INTO Stacks VALUES(269,74,'','940.9103 Al 15','940.9223 Un373s',NULL,NULL,NULL,4);
INSERT INTO Stacks VALUES(270,75,'','940.9223 Un373s','942.084 C355i',NULL,NULL,NULL,4);
INSERT INTO Stacks VALUES(271,76,'','942.084 C355i','944.08 P44a',NULL,NULL,NULL,4);
INSERT INTO Stacks VALUES(272,77,'','944.08 P44a','949.6 G351f',NULL,NULL,NULL,4);
INSERT INTO Stacks VALUES(273,78,'','949.6 G351f','962 C88m',NULL,NULL,NULL,4);
INSERT INTO Stacks VALUES(274,79,'','971.01 C16n','972.03 B968cu2',NULL,NULL,NULL,4);
INSERT INTO Stacks VALUES(275,80,'','972.03 B968cu2','973.51 M265yH',NULL,NULL,NULL,4);
INSERT INTO Stacks VALUES(276,81,'','973.51 M265yH','975.5 Sm6t',NULL,NULL,NULL,4);
INSERT INTO Stacks VALUES(277,82,'','975.5 T149s','977.4 M58mb',NULL,NULL,NULL,4);
INSERT INTO Stacks VALUES(278,83,'','977.4 M582c v.1','982 B8621a t.47',NULL,NULL,NULL,4);
INSERT INTO Stacks VALUES(279,84,'','982.B8623d v.1','999 V835s',NULL,NULL,NULL,4);
INSERT INTO Stacks VALUES(280,401,'','Empty','Empty',NULL,NULL,NULL,5);
INSERT INTO Stacks VALUES(281,402,'','Empty','Empty',NULL,NULL,NULL,5);
INSERT INTO Stacks VALUES(282,403,'http://www.wsulibs.wsu.edu/Usered/tutorials/hatmapsstacks/H403-407.html','HV 6001 A1','HV 6016 Z9',NULL,NULL,NULL,5);
INSERT INTO Stacks VALUES(283,404,'http://www.wsulibs.wsu.edu/Usered/tutorials/hatmapsstacks/H403-407.html','HV 6017 A1','HV 6431 F9',NULL,NULL,NULL,5);
INSERT INTO Stacks VALUES(284,405,'http://www.wsulibs.wsu.edu/Usered/tutorials/hatmapsstacks/H403-407.html','HV 6431 G1','HV 7921 A39',NULL,NULL,NULL,5);
INSERT INTO Stacks VALUES(285,406,'http://www.wsulibs.wsu.edu/Usered/tutorials/hatmapsstacks/H403-407.html','HV 7921 A4','Hv 9468 L9',NULL,NULL,NULL,5);
INSERT INTO Stacks VALUES(286,407,'http://www.wsulibs.wsu.edu/Usered/tutorials/hatmapsstacks/H403-407.html','HV 9468 M1','HX 44 G9 c.2',NULL,NULL,NULL,5);
INSERT INTO Stacks VALUES(287,408,'http://www.wsulibs.wsu.edu/Usered/tutorials/hatmapsstacks/H407-408.html','HX 44 H1','HX 9999 Z9',NULL,NULL,NULL,5);
INSERT INTO Stacks VALUES(288,409,'http://www.wsulibs.wsu.edu/Usered/tutorials/hatmapsstacks/J409.html','J 1 A1','JA 1 R4 v.57',NULL,NULL,NULL,5);
INSERT INTO Stacks VALUES(289,410,'http://www.wsulibs.wsu.edu/Usered/tutorials/hatmapsstacks/J409-411.html','JA 1 R4 v.58','JA 73 A79',NULL,NULL,NULL,5);
INSERT INTO Stacks VALUES(290,411,'http://www.wsulibs.wsu.edu/Usered/tutorials/hatmapsstacks/J409-411.html','JA 73 A8','JC 330 W69 1983',NULL,NULL,NULL,5);
INSERT INTO Stacks VALUES(291,412,'http://www.wsulibs.wsu.edu/Usered/tutorials/hatmapsstacks/J411-412.html','JC 330 W7','JF 107 B43',NULL,NULL,NULL,5);
INSERT INTO Stacks VALUES(292,413,'http://www.wsulibs.wsu.edu/Usered/tutorials/hatmapsstacks/J413.html','JF 107 B43','JK 9 32',NULL,NULL,NULL,5);
INSERT INTO Stacks VALUES(293,414,'http://www.wsulibs.wsu.edu/Usered/tutorials/hatmapsstacks/J413-415.html','JK 9 S2 1978','JK 1520 Z9',NULL,NULL,NULL,5);
INSERT INTO Stacks VALUES(294,415,'http://www.wsulibs.wsu.edu/Usered/tutorials/hatmapsstacks/J415-416.html','JK 1521 SA1','JL 99 M9',NULL,NULL,NULL,5);
INSERT INTO Stacks VALUES(295,416,'http://www.wsulibs.wsu.edu/Usered/tutorials/hatmapsstacks/J415-416.html','JL 99 N1','JN 2728 C9',NULL,NULL,NULL,5);
INSERT INTO Stacks VALUES(296,417,'http://www.wsulibs.wsu.edu/Usered/tutorials/hatmapsstacks/J416-417.html','JN 2728 D1','JQ 1512 Z9',NULL,NULL,NULL,5);
INSERT INTO Stacks VALUES(297,418,'http://www.wsulibs.wsu.edu/Usered/tutorials/hatmapsstacks/J418.html','JQ 1513 A1','JV 6008 L9',NULL,NULL,NULL,5);
INSERT INTO Stacks VALUES(298,419,'http://www.wsulibs.wsu.edu/Usered/tutorials/hatmapsstacks/J418-419.html','JV 6008 M1','JX 68 I5 v.16 no.1-3',NULL,NULL,NULL,5);
INSERT INTO Stacks VALUES(299,420,'http://www.wsulibs.wsu.edu/Usered/tutorials/hatmapsstacks/J419-422.html','JX 68 I5 v.16 no.4-6','JX 1901 C66x v.38',NULL,NULL,NULL,5);
INSERT INTO Stacks VALUES(300,421,'http://www.wsulibs.wsu.edu/Usered/tutorials/hatmapsstacks/J419-422.html','JX 1901 C66x v.39','JX 1995 I55',NULL,NULL,NULL,5);
INSERT INTO Stacks VALUES(301,422,'http://www.wsulibs.wsu.edu/Usered/tutorials/hatmapsstacks/J419-422.html','JX 1995 I56','JZ 5010.2 034 45th Sess v.11',NULL,NULL,NULL,5);
INSERT INTO Stacks VALUES(302,423,'http://www.wsulibs.wsu.edu/Usered/tutorials/hatmapsstacks/J422-423.html','JZ 5010.2 034 45th Sess','K 8 A69 v.116 no.4-6',NULL,NULL,NULL,5);
INSERT INTO Stacks VALUES(303,424,'http://www.wsulibs.wsu.edu/Usered/tutorials/hatmapsstacks/K423-425.html','K 8 A69 v.116 no.7-8','K 25 N63 1975',NULL,NULL,NULL,5);
INSERT INTO Stacks VALUES(304,425,'http://www.wsulibs.wsu.edu/Usered/tutorials/hatmapsstacks/K425.html','K 25 N63 1976','KD 621 K9',NULL,NULL,NULL,5);
INSERT INTO Stacks VALUES(305,426,'http://www.wsulibs.wsu.edu/Usered/tutorials/hatmapsstacks/K426.html','KD 621 M1','KF 120 F42 2nd ser. v.162',NULL,NULL,NULL,5);
INSERT INTO Stacks VALUES(306,427,'http://www.wsulibs.wsu.edu/Usered/tutorials/hatmapsstacks/K426-432.html','KF 120 F42 2nd ser. v.163','KF 1544 G1',NULL,NULL,NULL,5);
INSERT INTO Stacks VALUES(307,428,'http://www.wsulibs.wsu.edu/Usered/tutorials/hatmapsstacks/K426-432.html','KF 1544 H1','KF 4759 Z9',NULL,NULL,NULL,5);
INSERT INTO Stacks VALUES(308,429,'http://www.wsulibs.wsu.edu/Usered/tutorials/hatmapsstacks/K426-432.html','KF 4760 A1','KF 6360 A2 T13x v.22',NULL,NULL,NULL,5);
INSERT INTO Stacks VALUES(309,430,'http://www.wsulibs.wsu.edu/Usered/tutorials/hatmapsstacks/K426-432.html','KF 6360 A2 T13x v.23','KF 6600 A6 C64 1997 v.15',NULL,NULL,NULL,5);
INSERT INTO Stacks VALUES(310,431,'http://www.wsulibs.wsu.edu/Usered/tutorials/hatmapsstacks/K426-432.html','KF 6600 A6 C64 1997 v.16','KF 9625 B36 1983',NULL,NULL,NULL,5);
INSERT INTO Stacks VALUES(311,432,'http://www.wsulibs.wsu.edu/Usered/tutorials/hatmapsstacks/K432.html','KF 9625 B37','KJC 6699 Z9',NULL,NULL,NULL,5);
INSERT INTO Stacks VALUES(312,433,'http://www.wsulibs.wsu.edu/Usered/tutorials/hatmapsstacks/K433.html','KJC 6700 A1','KZZ Z9',NULL,NULL,NULL,5);
INSERT INTO Stacks VALUES(313,500,'http://www.wsulibs.wsu.edu/Usered/tutorials/hatmapsstacks/L500-501.html','L 1 A1','L 901 P3 v.76',NULL,NULL,NULL,6);
INSERT INTO Stacks VALUES(314,501,'http://www.wsulibs.wsu.edu/Usered/tutorials/hatmapsstacks/L501-502.html','L 901 P3 v.77','LA 1221 M9',NULL,NULL,NULL,6);
INSERT INTO Stacks VALUES(315,502,'http://www.wsulibs.wsu.edu/Usered/tutorials/hatmapsstacks/L502-505.html','LA 1221 N1','LB 1131 B42',NULL,NULL,NULL,6);
INSERT INTO Stacks VALUES(316,503,'http://www.wsulibs.wsu.edu/Usered/tutorials/hatmapsstacks/L502-505.html','LB 1131 B43','LB 2328.2 D9',NULL,NULL,NULL,6);
INSERT INTO Stacks VALUES(317,504,'http://www.wsulibs.wsu.edu/Usered/tutorials/hatmapsstacks/L502-505.html','LB 2328.2 E1','LB 2367.3 Z9',NULL,NULL,NULL,6);
INSERT INTO Stacks VALUES(318,505,'http://www.wsulibs.wsu.edu/Usered/tutorials/hatmapsstacks/L502-505.html','LB 2367.4 A1','LC 1011 W59',NULL,NULL,NULL,6);
INSERT INTO Stacks VALUES(319,506,'http://www.wsulibs.wsu.edu/Usered/tutorials/hatmapsstacks/L506-507.html','LC 1101 W6','LD754.9 Z9',NULL,NULL,NULL,6);
INSERT INTO Stacks VALUES(320,507,'http://www.wsulibs.wsu.edu/Usered/tutorials/hatmapsstacks/L507-508.html','LD 755 A1','LH 1 N7 C3 v.30',NULL,NULL,NULL,6);
INSERT INTO Stacks VALUES(321,508,'http://www.wsulibs.wsu.edu/Usered/tutorials/hatmapsstacks/L508.html','LH 1 N7 C3 v.31','ML 1 C675 v.3',NULL,NULL,NULL,6);
INSERT INTO Stacks VALUES(322,509,'http://www.wsulibs.wsu.edu/Usered/tutorials/hatmapsstacks/M508-516.html','ML 1 C68 no.1-3 1963-64','ML 1 J58 v.6',NULL,NULL,NULL,6);
INSERT INTO Stacks VALUES(323,510,'http://www.wsulibs.wsu.edu/Usered/tutorials/hatmapsstacks/M508-516.html','ML 1 J6 v.3-4','ML 1 P109 v.42',NULL,NULL,NULL,6);
INSERT INTO Stacks VALUES(324,511,'http://www.wsulibs.wsu.edu/Usered/tutorials/hatmapsstacks/M508-516.html','ML 1 P11','ML 5 O66 v.39',NULL,NULL,NULL,6);
INSERT INTO Stacks VALUES(325,512,'http://www.wsulibs.wsu.edu/Usered/tutorials/hatmapsstacks/M508-516.html','ML 5 O66 v.40','ML 128 M3 S6 1981',NULL,NULL,NULL,6);
INSERT INTO Stacks VALUES(326,513,'http://www.wsulibs.wsu.edu/Usered/tutorials/hatmapsstacks/M508-516.html','ML 128 M3 S7 1995','ML 410 B26 D7',NULL,NULL,NULL,6);
INSERT INTO Stacks VALUES(327,514,'http://www.wsulibs.wsu.edu/Usered/tutorials/hatmapsstacks/M508-516.html','ML 410 B26 E75 1998','ML 422 B18 R68 2002',NULL,NULL,NULL,6);
INSERT INTO Stacks VALUES(328,515,'http://www.wsulibs.wsu.edu/Usered/tutorials/hatmapsstacks/M508-516.html','ML 422 B19 M37 2002','ML 3505.8 J39x v.8',NULL,NULL,NULL,6);
INSERT INTO Stacks VALUES(329,516,'http://www.wsulibs.wsu.edu/Usered/tutorials/hatmapsstacks/M516-517.html','ML 3505.8 J395 no.1-10','MT 67 S657 1990',NULL,NULL,NULL,6);
INSERT INTO Stacks VALUES(330,517,'http://www.wsulibs.wsu.edu/Usered/tutorials/hatmapsstacks/M516-517.html','MT 67 S658','N 1 B95 v.121 no.914-917',NULL,NULL,NULL,6);
INSERT INTO Stacks VALUES(331,518,'http://www.wsulibs.wsu.edu/Usered/tutorials/hatmapsstacks/N517-522.html','N 1 B95 v.121 no.918-921','N 81 A86 v.56-57',NULL,NULL,NULL,6);
INSERT INTO Stacks VALUES(332,519,'http://www.wsulibs.wsu.edu/Usered/tutorials/hatmapsstacks/N517-522.html','N 81 A887 V.1-3','N6260 K7783 1966',NULL,NULL,NULL,6);
INSERT INTO Stacks VALUES(333,520,'http://www.wsulibs.wsu.edu/Usered/tutorials/hatmapsstacks/N517-522.html','N 6260 M83 v.1','N 6538 N5 N46 1990',NULL,NULL,NULL,6);
INSERT INTO Stacks VALUES(334,521,'http://www.wsulibs.wsu.edu/Usered/tutorials/hatmapsstacks/N517-522.html','N 6538 N5 O1 2003','N 7400.2 I57 2005',NULL,NULL,NULL,6);
INSERT INTO Stacks VALUES(335,522,'http://www.wsulibs.wsu.edu/Usered/tutorials/hatmapsstacks/N517-522.html','N 7400.2 J1','NA 1996 K57 1998',NULL,NULL,NULL,6);
INSERT INTO Stacks VALUES(336,523,'http://www.wsulibs.wsu.edu/Usered/tutorials/hatmapsstacks/N522-523.html','NA 1996.5 L43 v.1','NB 237 E9 A35',NULL,NULL,NULL,6);
INSERT INTO Stacks VALUES(337,524,'http://www.wsulibs.wsu.edu/Usered/tutorials/hatmapsstacks/N523-524.html','NB 237 F1 A4 2002','NC 1355 S77 2003 c.2',NULL,NULL,NULL,6);
INSERT INTO Stacks VALUES(338,525,'http://www.wsulibs.wsu.edu/Usered/tutorials/hatmapsstacks/N524-525.html','NC 1356 M36 1994','ND 553 C33 A35 1977',NULL,NULL,NULL,6);
INSERT INTO Stacks VALUES(339,526,'http://www.wsulibs.wsu.edu/Usered/tutorials/hatmapsstacks/N525-527.html','ND 553 C33 A35 1992','ND 1342 B55 1976',NULL,NULL,NULL,6);
INSERT INTO Stacks VALUES(340,527,'http://www.wsulibs.wsu.edu/Usered/tutorials/hatmapsstacks/N527.html','ND 1342 C1','NK 1047 M613 1985',NULL,NULL,NULL,6);
INSERT INTO Stacks VALUES(341,528,'http://www.wsulibs.wsu.edu/Usered/tutorials/hatmapsstacks/N525-527.html','NK 1047 N1','NK 4565.5 L43',NULL,NULL,NULL,6);
INSERT INTO Stacks VALUES(342,529,'http://www.wsulibs.wsu.edu/Usered/tutorials/hatmapsstacks/N527-529.html','NK 4565.5 L44','NX 549 P2 S67 1996',NULL,NULL,NULL,6);
INSERT INTO Stacks VALUES(343,530,'http://www.wsulibs.wsu.edu/Usered/tutorials/hatmapsstacks/N529-530.html','NX 549 P2 T1','P 2 L5 v.39-40',NULL,NULL,NULL,6);
INSERT INTO Stacks VALUES(344,531,'http://www.wsulibs.wsu.edu/Usered/tutorials/hatmapsstacks/P530-534.html','P 2 M1 t.1 1952','P 37 A53x 1988',NULL,NULL,NULL,6);
INSERT INTO Stacks VALUES(345,532,'http://www.wsulibs.wsu.edu/Usered/tutorials/hatmapsstacks/P530-534.html','P 37 A54','P 95 L36 v.2',NULL,NULL,NULL,6);
INSERT INTO Stacks VALUES(346,533,'http://www.wsulibs.wsu.edu/Usered/tutorials/hatmapsstacks/P530-534.html','P 95 L37','P 215 P53 v.58-59',NULL,NULL,NULL,6);
INSERT INTO Stacks VALUES(347,534,'http://www.wsulibs.wsu.edu/Usered/tutorials/hatmapsstacks/P530-534.html','P 215 P54','PA 1 I43 v.27-28',NULL,NULL,NULL,6);
INSERT INTO Stacks VALUES(348,535,'http://www.wsulibs.wsu.edu/Usered/tutorials/hatmapsstacks/P534-539.html','PA 1 J1 v.6-7','PA 2084 J6 1706a',NULL,NULL,NULL,6);
INSERT INTO Stacks VALUES(349,536,'http://www.wsulibs.wsu.edu/Usered/tutorials/hatmapsstacks/P534-539.html','PA 2084 K1 1585ab','PA 3875 A2 1967 t.5',NULL,NULL,NULL,6);
INSERT INTO Stacks VALUES(350,537,'http://www.wsulibs.wsu.edu/Usered/tutorials/hatmapsstacks/P534-539.html','PA 3875 A3','PA 5317 G42 G42x 1984',NULL,NULL,NULL,6);
INSERT INTO Stacks VALUES(351,538,'http://www.wsulibs.wsu.edu/Usered/tutorials/hatmapsstacks/P534-539.html','PA 5317 G43 1984','PA 6825 A3 1986',NULL,NULL,NULL,6);
INSERT INTO Stacks VALUES(352,539,'http://www.wsulibs.wsu.edu/Usered/tutorials/hatmapsstacks/P534-539.html','PA 6825 A3 1986b','PB 1 M642 v.16',NULL,NULL,NULL,6);
INSERT INTO Stacks VALUES(353,540,'http://www.wsulibs.wsu.edu/Usered/tutorials/hatmapsstacks/P539-541.html','PB 1 M 642 v.17','PB 35 A9 v.11',NULL,NULL,NULL,6);
INSERT INTO Stacks VALUES(354,541,'http://www.wsulibs.wsu.edu/Usered/tutorials/hatmapsstacks/P539-541.html','PB 35 A9 v.12','PC 13 N67 no.63',NULL,NULL,NULL,6);
INSERT INTO Stacks VALUES(355,542,'http://www.wsulibs.wsu.edu/Usered/tutorials/hatmapsstacks/P541-544.html','PC 13 N67 no.64','PC 2580 W3 Bd.8',NULL,NULL,NULL,6);
INSERT INTO Stacks VALUES(356,543,'http://www.wsulibs.wsu.edu/Usered/tutorials/hatmapsstacks/P541-544.html','PC 2580 W3 Bd. 9','PC 4129 E5 P96 2002',NULL,NULL,NULL,6);
INSERT INTO Stacks VALUES(357,544,'http://www.wsulibs.wsu.edu/Usered/tutorials/hatmapsstacks/P541-544.html','PC 4129 E5 Q1','PD 5171 H4',NULL,NULL,NULL,6);
INSERT INTO Stacks VALUES(358,545,'http://www.wsulibs.wsu.edu/Usered/tutorials/hatmapsstacks/P545-547.html','PD 5171 H5','PE 1001 J1 v.9',NULL,NULL,NULL,6);
INSERT INTO Stacks VALUES(359,546,'http://www.wsulibs.wsu.edu/Usered/tutorials/hatmapsstacks/P545-547.html','PE 1001 J2','PE 1404 T24 1999',NULL,NULL,NULL,6);
INSERT INTO Stacks VALUES(360,547,'http://www.wsulibs.wsu.edu/Usered/tutorials/hatmapsstacks/P545-547.html','PE 1404 T25','PF 3058 K6 1969b',NULL,NULL,NULL,6);
INSERT INTO Stacks VALUES(361,548,'http://www.wsulibs.wsu.edu/Usered/tutorials/hatmapsstacks/P548-550.html','PF 3058 K61','PG 3245 F56 1983',NULL,NULL,NULL,6);
INSERT INTO Stacks VALUES(362,549,'http://www.wsulibs.wsu.edu/Usered/tutorials/hatmapsstacks/P548-550.html','PG 3245 F6 1972','PG 3488 O4 K6713x 1989 v.1',NULL,NULL,NULL,6);
INSERT INTO Stacks VALUES(363,550,'http://www.wsulibs.wsu.edu/Usered/tutorials/hatmapsstacks/P550.html','PG 3488 O4 L1','PJ 5129 A5 L3',NULL,NULL,NULL,6);
INSERT INTO Stacks VALUES(364,551,'http://www.wsulibs.wsu.edu/Usered/tutorials/hatmapsstacks/P550-551.html','PJ 5129 A6','PL 726.33 Y35 G63 1998',NULL,NULL,NULL,6);
INSERT INTO Stacks VALUES(365,552,'http://www.wsulibs.wsu.edu/Usered/tutorials/hatmapsstacks/P551-553.html','PL 726.34 K4','PL 2698 V85 Z64 1988',NULL,NULL,NULL,6);
INSERT INTO Stacks VALUES(366,553,'http://www.wsulibs.wsu.edu/Usered/tutorials/hatmapsstacks/P553.html','PL 2699 A1','PN 1 M8 v.11',NULL,NULL,NULL,6);
INSERT INTO Stacks VALUES(367,554,'http://www.wsulibs.wsu.edu/Usered/tutorials/hatmapsstacks/P553-570.html','PN 1 M8 v.12-14','PN 2 R45 v.53-54',NULL,NULL,NULL,6);
INSERT INTO Stacks VALUES(368,555,'http://www.wsulibs.wsu.edu/Usered/tutorials/hatmapsstacks/P553-570.html','PN 2 R46','PN 4 W4 Jahrg. 48',NULL,NULL,NULL,6);
INSERT INTO Stacks VALUES(369,556,'http://www.wsulibs.wsu.edu/Usered/tutorials/hatmapsstacks/P553-570.html','PN 5 A1 1991','PN 51 I48x 1977',NULL,NULL,NULL,6);
INSERT INTO Stacks VALUES(370,557,'http://www.wsulibs.wsu.edu/Usered/tutorials/hatmapsstacks/P553-570.html','PN 51 I49','PN 59 G57 2001',NULL,NULL,NULL,6);
INSERT INTO Stacks VALUES(371,558,'http://www.wsulibs.wsu.edu/Usered/tutorials/hatmapsstacks/P553-570.html','PN 59 G58','PN 98 S7 T37 1989',NULL,NULL,NULL,6);
INSERT INTO Stacks VALUES(372,559,'http://www.wsulibs.wsu.edu/Usered/tutorials/hatmapsstacks/P553-570.html','PN 98 S8','PN 175 P4 v.26',NULL,NULL,NULL,6);
INSERT INTO Stacks VALUES(373,560,'http://www.wsulibs.wsu.edu/Usered/tutorials/hatmapsstacks/P553-570.html','PN 175 P4 v.27','PN 661 S6 v.55',NULL,NULL,NULL,6);
INSERT INTO Stacks VALUES(374,561,'http://www.wsulibs.wsu.edu/Usered/tutorials/hatmapsstacks/P553-570.html','PN 661 S6 v.56','PN 771 S8 v.3-4',NULL,NULL,NULL,6);
INSERT INTO Stacks VALUES(375,562,'http://www.wsulibs.wsu.edu/Usered/tutorials/hatmapsstacks/P553-570.html','PN 771 S8 v.5-6','PN 1010 M6 1983',NULL,NULL,NULL,6);
INSERT INTO Stacks VALUES(376,563,'http://www.wsulibs.wsu.edu/Usered/tutorials/hatmapsstacks/P553-570.html','PN 1010 M6 no.1 1965','PN 1992 T1 v.35 no.27-30',NULL,NULL,NULL,6);
INSERT INTO Stacks VALUES(377,564,'http://www.wsulibs.wsu.edu/Usered/tutorials/hatmapsstacks/P553-570.html','PN 1992 T1 v.35 no.31-35','PN 1995.9 N4 B5',NULL,NULL,NULL,6);
INSERT INTO Stacks VALUES(378,565,'http://www.wsulibs.wsu.edu/Usered/tutorials/hatmapsstacks/P553-570.html','PN 1995.9 N4 B6','PN 2096 O4 A37 1978',NULL,NULL,NULL,6);
INSERT INTO Stacks VALUES(379,566,'http://www.wsulibs.wsu.edu/Usered/tutorials/hatmapsstacks/P553-570.html','PN 2096 O4 A37 1979','PN 3171 E36',NULL,NULL,NULL,6);
INSERT INTO Stacks VALUES(380,567,'http://www.wsulibs.wsu.edu/Usered/tutorials/hatmapsstacks/P553-570.html','PN 3171 E37','PN 4700 G73x v.34-35',NULL,NULL,NULL,6);
INSERT INTO Stacks VALUES(381,568,'http://www.wsulibs.wsu.edu/Usered/tutorials/hatmapsstacks/P553-570.html','PN 4700 G47','PN 4899 S584 S6',NULL,NULL,NULL,6);
INSERT INTO Stacks VALUES(382,569,'http://www.wsulibs.wsu.edu/Usered/tutorials/hatmapsstacks/P553-570.html','PN 4899 S59','PN 6519 L74',NULL,NULL,NULL,6);
INSERT INTO Stacks VALUES(383,570,'http://www.wsulibs.wsu.edu/Usered/tutorials/hatmapsstacks/P553-570.html','PN 6519 L75','PQ 1184 A17 1971',NULL,NULL,NULL,6);
INSERT INTO Stacks VALUES(384,571,'http://www.wsulibs.wsu.edu/Usered/tutorials/hatmapsstacks/P570-578.html','PQ 1184 A17 1972','PQ 2159 C7',NULL,NULL,NULL,6);
INSERT INTO Stacks VALUES(385,572,'http://www.wsulibs.wsu.edu/Usered/tutorials/hatmapsstacks/P570-578.html','PQ 2159 C71','PQ 2607 E834 Z814 1973',NULL,NULL,NULL,6);
INSERT INTO Stacks VALUES(386,573,'http://www.wsulibs.wsu.edu/Usered/tutorials/hatmapsstacks/P570-578.html','PQ 2607 E834 Z815','PQ 3919.2 K3 F7',NULL,NULL,NULL,6);
INSERT INTO Stacks VALUES(387,574,'http://www.wsulibs.wsu.edu/Usered/tutorials/hatmapsstacks/P570-578.html','PQ 3919.2 K3 F8','PQ 6090 R3 1968',NULL,NULL,NULL,6);
INSERT INTO Stacks VALUES(388,575,'http://www.wsulibs.wsu.edu/Usered/tutorials/hatmapsstacks/P570-578.html','PQ 6090 R4','PQ 7081 A1 A5 2006',NULL,NULL,NULL,6);
INSERT INTO Stacks VALUES(389,576,'http://www.wsulibs.wsu.edu/Usered/tutorials/hatmapsstacks/P570-578.html','PQ 7081 A1 A52','PQ 7798.14 I3 B3',NULL,NULL,NULL,6);
INSERT INTO Stacks VALUES(390,577,'http://www.wsulibs.wsu.edu/Usered/tutorials/hatmapsstacks/P570-578.html','PQ 7798.14 I3 C1','PQ 9698.1 M315 L5',NULL,NULL,NULL,6);
INSERT INTO Stacks VALUES(391,578,'http://www.wsulibs.wsu.edu/Usered/tutorials/hatmapsstacks/P570-578.html','PQ 9698.1 M315 L6','PR 31 E53 v.33-35',NULL,NULL,NULL,6);
INSERT INTO Stacks VALUES(392,579,'http://www.wsulibs.wsu.edu/Usered/tutorials/hatmapsstacks/P578-590.html','PR 32 A1','PR 651 C64 1985',NULL,NULL,NULL,6);
INSERT INTO Stacks VALUES(393,580,'http://www.wsulibs.wsu.edu/Usered/tutorials/hatmapsstacks/P578-590.html','PR 651 C65','PR 1875 O73 B68 1987',NULL,NULL,NULL,6);
INSERT INTO Stacks VALUES(394,581,'http://www.wsulibs.wsu.edu/Usered/tutorials/hatmapsstacks/P578-590.html','PR 1875 P1','PR 2976 T64 1989',NULL,NULL,NULL,6);
INSERT INTO Stacks VALUES(395,582,'http://www.wsulibs.wsu.edu/Usered/tutorials/hatmapsstacks/P578-590.html','PR 2976 T65','PR 3633 D8 v.4',NULL,NULL,NULL,6);
INSERT INTO Stacks VALUES(396,583,'http://www.wsulibs.wsu.edu/Usered/tutorials/hatmapsstacks/P578-590.html','PR 3633 D81','PR 4613 D5 A17 1970',NULL,NULL,NULL,6);
INSERT INTO Stacks VALUES(397,584,'http://www.wsulibs.wsu.edu/Usered/tutorials/hatmapsstacks/P578-590.html','PR 4613 D5 A18 1960','PR 5550 F72',NULL,NULL,NULL,6);
INSERT INTO Stacks VALUES(398,585,'http://www.wsulibs.wsu.edu/Usered/tutorials/hatmapsstacks/P578-590.html','PR 5550 F73','PR 6011 O53 P3',NULL,NULL,NULL,6);
INSERT INTO Stacks VALUES(399,586,'http://www.wsulibs.wsu.edu/Usered/tutorials/hatmapsstacks/P578-590.html','PR 6011 O53 P4','PR 6025 A86 R3 1944',NULL,NULL,NULL,6);
INSERT INTO Stacks VALUES(400,587,'http://www.wsulibs.wsu.edu/Usered/tutorials/hatmapsstacks/P578-590.html','PR 6025 A86 R3 1944 c.2','PR 6053 H319 B6 1983b',NULL,NULL,NULL,6);
INSERT INTO Stacks VALUES(401,588,'http://www.wsulibs.wsu.edu/Usered/tutorials/hatmapsstacks/P578-590.html','PR 6053 H320','PR 8755 B67 2001',NULL,NULL,NULL,6);
INSERT INTO Stacks VALUES(402,589,'http://www.wsulibs.wsu.edu/Usered/tutorials/hatmapsstacks/P578-590.html','PR 8755 B68','PR 9619.3 M32 T5 1978',NULL,NULL,NULL,6);
INSERT INTO Stacks VALUES(403,590,'http://www.wsulibs.wsu.edu/Usered/tutorials/hatmapsstacks/P578-590.html','PR 9619.3 M32 T5 1979','PS 271 U64 1997',NULL,NULL,NULL,6);
INSERT INTO Stacks VALUES(404,591,'http://www.wsulibs.wsu.edu/Usered/tutorials/hatmapsstacks/P590-608.html','PS 271 U65','PS 551 N49 2005',NULL,NULL,NULL,6);
INSERT INTO Stacks VALUES(405,592,'http://www.wsulibs.wsu.edu/Usered/tutorials/hatmapsstacks/P590-608.html','PS 551 N50','PS 1589 E28 I5 1969',NULL,NULL,NULL,6);
INSERT INTO Stacks VALUES(406,593,'http://www.wsulibs.wsu.edu/Usered/tutorials/hatmapsstacks/P590-608.html','PS 1589 E28 I6','PS 3292 R4 H3 1973',NULL,NULL,NULL,6);
INSERT INTO Stacks VALUES(407,601,'http://www.wsulibs.wsu.edu/Usered/tutorials/hatmapsstacks/P590-608.html','PS 3302 V5 1970','PS 3505 H632 T4',NULL,NULL,NULL,7);
INSERT INTO Stacks VALUES(408,602,'http://www.wsulibs.wsu.edu/Usered/tutorials/hatmapsstacks/P590-608.html','PS 3505 H632 U1','PS 3523 O46 D9',NULL,NULL,NULL,7);
INSERT INTO Stacks VALUES(409,603,'http://www.wsulibs.wsu.edu/Usered/tutorials/hatmapsstacks/P590-608.html','PS 3523 O46 E1','PS 3537 T3234 Z71559 1996',NULL,NULL,NULL,7);
INSERT INTO Stacks VALUES(410,604,'http://www.wsulibs.wsu.edu/Usered/tutorials/hatmapsstacks/P590-608.html','PS 3537 T3234 Z7156 1993','PS 3553 A59 B9 1988',NULL,NULL,NULL,7);
INSERT INTO Stacks VALUES(411,605,'http://www.wsulibs.wsu.edu/Usered/tutorials/hatmapsstacks/P590-608.html','PS 3553 A59 C1 1989','PS 3558 O 336 L9 1973',NULL,NULL,NULL,7);
INSERT INTO Stacks VALUES(412,606,'http://www.wsulibs.wsu.edu/Usered/tutorials/hatmapsstacks/P590-608.html','PS 3558 O336 M1 1983','PS 3565 A8 S49 2005',NULL,NULL,NULL,7);
INSERT INTO Stacks VALUES(413,607,'http://www.wsulibs.wsu.edu/Usered/tutorials/hatmapsstacks/P590-608.html','PS 3565 A8 S6X','PS 3573 A42 3399 1995',NULL,NULL,NULL,7);
INSERT INTO Stacks VALUES(414,608,'http://www.wsulibs.wsu.edu/Usered/tutorials/hatmapsstacks/P590-608.html','PS 3573 A42 E4 1988','PT 870.9 Z9',NULL,NULL,NULL,7);
INSERT INTO Stacks VALUES(415,609,'http://www.wsulibs.wsu.edu/Usered/tutorials/hatmapsstacks/P608-612.html','PT 871 A1 1985','PT 2293 A1 1968',NULL,NULL,NULL,7);
INSERT INTO Stacks VALUES(416,610,'http://www.wsulibs.wsu.edu/Usered/tutorials/hatmapsstacks/P608-612.html','PT 2293 A1 1969 Bd.1','PT 2603 R3979 1979',NULL,NULL,NULL,7);
INSERT INTO Stacks VALUES(417,611,'http://www.wsulibs.wsu.edu/Usered/tutorials/hatmapsstacks/P608-612.html','PT 2603 R397 A1 1988 Bd.1','PT 2647 I25 H9',NULL,NULL,NULL,7);
INSERT INTO Stacks VALUES(418,612,'http://www.wsulibs.wsu.edu/Usered/tutorials/hatmapsstacks/P608-612.html','PT 2647 I 25 I 1 1950','PZ 1 A1 A457 V.126 NO.7-12',NULL,NULL,NULL,7);
INSERT INTO Stacks VALUES(419,613,'http://www.wsulibs.wsu.edu/Usered/tutorials/hatmapsstacks/P612-613.html','PZ 1 A1 A488X V.1','PZ 9 T665 1989',NULL,NULL,NULL,7);
INSERT INTO Stacks VALUES(420,614,'http://www.wsulibs.wsu.edu/Usered/tutorials/hatmapsstacks/Q614.html','Q 1 A1','QH 331 B49',NULL,NULL,NULL,7);
INSERT INTO Stacks VALUES(421,615,'http://www.wsulibs.wsu.edu/Usered/tutorials/hatmapsstacks/Q614-615.html','QH 331 B5','RA 771.49 J68x V. 21',NULL,NULL,NULL,7);
INSERT INTO Stacks VALUES(422,616,'http://www.wsulibs.wsu.edu/Usered/tutorials/hatmapsstacks/R616.html','RA 771.5 A1 2004','RC 321 M39 V.49',NULL,NULL,NULL,7);
INSERT INTO Stacks VALUES(423,617,'http://www.wsulibs.wsu.edu/Usered/tutorials/hatmapsstacks/R616-619.html','RC 321 M4 V.50','RC 489 B4 B4359 V.23',NULL,NULL,NULL,7);
INSERT INTO Stacks VALUES(424,618,'http://www.wsulibs.wsu.edu/Usered/tutorials/hatmapsstacks/R616-619.html','RC 489 B4 B435 V.24','RC 1200 Z9 2006',NULL,NULL,NULL,7);
INSERT INTO Stacks VALUES(425,619,'http://www.wsulibs.wsu.edu/Usered/tutorials/hatmapsstacks/R619.html','RC 1201 A1 1997','SB 483 S4 S49 1957',NULL,NULL,NULL,7);
INSERT INTO Stacks VALUES(426,620,'http://www.wsulibs.wsu.edu/Usered/tutorials/hatmapsstacks/S619-620.html','SB 483 S4 S4 1958','T 175.49 R47X Z9 1987/2004',NULL,NULL,NULL,7);
INSERT INTO Stacks VALUES(427,621,'http://www.wsulibs.wsu.edu/Usered/tutorials/hatmapsstacks/T620-621.html','T 175.5 A1 1986','TK 9152 I 69 1988',NULL,NULL,NULL,7);
INSERT INTO Stacks VALUES(428,622,'http://www.wsulibs.wsu.edu/Usered/tutorials/hatmapsstacks/T621-622.html','TK 9152 I 7 2004','TR 299 M 6',NULL,NULL,NULL,7);
INSERT INTO Stacks VALUES(429,623,'http://www.wsulibs.wsu.edu/Usered/tutorials/hatmapsstacks/T622-623.html','TR 300 O 93 1973','TS 879 T38 1991',NULL,NULL,NULL,7);
INSERT INTO Stacks VALUES(430,624,'http://www.wsulibs.wsu.edu/Usered/tutorials/hatmapsstacks/T624.html','TS 880 C45 C73 1998','TX 1 G7 V. 236',NULL,NULL,NULL,7);
INSERT INTO Stacks VALUES(431,625,'http://www.wsulibs.wsu.edu/Usered/tutorials/hatmapsstacks/T624-626.html','TX 1 G7 V. 237','TX 911.3 M27 H9 1982',NULL,NULL,NULL,7);
INSERT INTO Stacks VALUES(432,626,'http://www.wsulibs.wsu.edu/Usered/tutorials/hatmapsstacks/T624-626.html','TX 911.3 M27 I 1 1996','UA 23 D44 1983',NULL,NULL,NULL,7);
INSERT INTO Stacks VALUES(433,627,'http://www.wsulibs.wsu.edu/Usered/tutorials/hatmapsstacks/U627.html','UA 23 D4423 2000','UG 446.5 B9 1986',NULL,NULL,NULL,7);
INSERT INTO Stacks VALUES(434,628,'http://www.wsulibs.wsu.edu/Usered/tutorials/hatmapsstacks/U628.html','UG 446.5 C1 1996','WSU E22 1983 Z9',NULL,NULL,NULL,7);
INSERT INTO Stacks VALUES(435,629,'http://www.wsulibs.wsu.edu/Usered/tutorials/hatmapsstacks/W628-629.html','WSU E22 1984 A1','Z 43 B53x 1954',NULL,NULL,NULL,7);
INSERT INTO Stacks VALUES(436,630,'http://www.wsulibs.wsu.edu/Usered/tutorials/hatmapsstacks/Z629-643.html','Z 43 B58 1982','Z 479 D5 1978',NULL,NULL,NULL,7);
INSERT INTO Stacks VALUES(437,631,'http://www.wsulibs.wsu.edu/Usered/tutorials/hatmapsstacks/Z629-643.html','Z 479 D5 1979','Z 673 A5 A5 V.22',NULL,NULL,NULL,7);
INSERT INTO Stacks VALUES(438,632,'http://www.wsulibs.wsu.edu/Usered/tutorials/hatmapsstacks/Z629-643.html','Z 673 A5 A5 V.23','Z 699 A1 V.5',NULL,NULL,NULL,7);
INSERT INTO Stacks VALUES(439,633,'http://www.wsulibs.wsu.edu/Usered/tutorials/hatmapsstacks/Z629-643.html','Z699 A1 P7 V.6','Z 881 A1 U375 1979 V.2',NULL,NULL,NULL,7);
INSERT INTO Stacks VALUES(440,634,'http://www.wsulibs.wsu.edu/Usered/tutorials/hatmapsstacks/Z629-643.html','Z 881 A1 U375 1979 V.3','Z 881 H345',NULL,NULL,NULL,7);
INSERT INTO Stacks VALUES(441,635,'http://www.wsulibs.wsu.edu/Usered/tutorials/hatmapsstacks/Z629-643.html','Z 881 H346','Z 1002 U55x v.33',NULL,NULL,NULL,7);
INSERT INTO Stacks VALUES(442,636,'http://www.wsulibs.wsu.edu/Usered/tutorials/hatmapsstacks/Z629-643.html','Z 1002 U55x v.34','Z 1035 C5 v.26',NULL,NULL,NULL,7);
INSERT INTO Stacks VALUES(443,637,'http://www.wsulibs.wsu.edu/Usered/tutorials/hatmapsstacks/Z629-643.html','Z 1035 C5 v.27','Z 1219 P98 v.129 No.1-13',NULL,NULL,NULL,7);
INSERT INTO Stacks VALUES(444,638,'http://www.wsulibs.wsu.edu/Usered/tutorials/hatmapsstacks/Z629-643.html','Z 1219 P98 v.129 No.14-26','Z 2221 D945 1982 Heft 13-18',NULL,NULL,NULL,7);
INSERT INTO Stacks VALUES(445,639,'http://www.wsulibs.wsu.edu/Usered/tutorials/hatmapsstacks/Z629-643.html','Z 2221 D 495 1982 Heft 19-24','Z 5055 G29 D4 1977 Heft 1-4',NULL,NULL,NULL,7);
INSERT INTO Stacks VALUES(446,640,'http://www.wsulibs.wsu.edu/Usered/tutorials/hatmapsstacks/Z629-643.html','Z 5055 G29 D4','Z 6951 A97 1960',NULL,NULL,NULL,7);
INSERT INTO Stacks VALUES(447,641,'http://www.wsulibs.wsu.edu/Usered/tutorials/hatmapsstacks/Z629-643.html','Z 6951 A97 1961','Z7164 E2 J6 v.21',NULL,NULL,NULL,7);
INSERT INTO Stacks VALUES(448,642,'http://www.wsulibs.wsu.edu/Usered/tutorials/hatmapsstacks/Z629-643.html','Z 7164 E2 J6 v.22','Z 8215 Z9',NULL,NULL,NULL,7);
INSERT INTO Stacks VALUES(449,643,'http://www.wsulibs.wsu.edu/Usered/tutorials/hatmapsstacks/Z629-643.html','Z8216 A1','ZZ 9999 Z9',NULL,NULL,NULL,7);
INSERT INTO Stacks VALUES(451,700,'','HOLDOC MA 1 AR17 AL 11 V.34','HOLDOC MW 9 BH B4959 53rd session No.1015-1070',NULL,NULL,NULL,8);
INSERT INTO Stacks VALUES(452,701,'','HOLDOC MW 9 BH B49553rd session No. 1017-1115','HOLDOC MW 9 SO 24 A9 W279 1981',NULL,NULL,NULL,8);
INSERT INTO Stacks VALUES(453,702,'','HOLDOC MW 9 S0 24 B1 H816','HOLDOC PC 49 R9 ST 9 T 19 1994 ed.',NULL,NULL,NULL,8);
INSERT INTO Stacks VALUES(454,703,'','HOLDOC PC 49 S1 C16 v. 28 1953 Jan-June','HOLDOC PG 129 B P2399 1970/71 v.17',NULL,NULL,NULL,8);
INSERT INTO Stacks VALUES(455,704,'','HOLDOC PG 129 B P239 1970/71 v.18','HOLDOC PG 129 co 89 qk L4139 1952 v.2',NULL,NULL,NULL,8);
INSERT INTO Stacks VALUES(456,705,'','HOLDOC PG 129 co 89 qk L413 1953 v.1','HOLDOC PI 33 in37 C685g no.5 1905-1906',NULL,NULL,NULL,8);
INSERT INTO Stacks VALUES(457,706,'','HOLDOC PI 33 IN 37 C685g No. 6 1906-07','HOLDOC TIN 17 Su61 1973',NULL,NULL,NULL,8);
INSERT INTO Stacks VALUES(458,707,'','TIN 17 Su61 1974','TP 17 I826 annee 10 1967 Nov.-Dec.',NULL,NULL,NULL,8);
INSERT INTO Stacks VALUES(459,708,'','HOLDOC TP 17 J826 annee 10 1967 index','HOLDOC TU 51 TD/B Of 3 14th session v.2',NULL,NULL,NULL,8);
INSERT INTO Stacks VALUES(460,709,'','HOLDOC TU 51 TD/B Of 3 14th session v.3','HOLDOC UNY 72 SKJ Y9 1974 Aug.-1975 June',NULL,NULL,NULL,8);
INSERT INTO Stacks VALUES(461,800,'','HOLDOC A 1.1/3 1983 1st half','HOLDOC AE 2.106/4 1991 v.5',NULL,NULL,NULL,9);
INSERT INTO Stacks VALUES(462,801,'','HOLDOC AE 2.108 D 65/1991','HOLDOC C 3.204 1974 No. 18-22',NULL,NULL,NULL,9);
INSERT INTO Stacks VALUES(463,802,'','HOLDOC C 3.204 1974 No. 23-27','HOLDOC C 3.230 1967 No.3',NULL,NULL,NULL,9);
INSERT INTO Stacks VALUES(464,803,'','HOLDOC C 3.230 1967 No.4','HOLDOC C 57.111 1979 No. 80-156',NULL,NULL,NULL,9);
INSERT INTO Stacks VALUES(465,804,'','HOLDOC C 57.119 In2','HOLDOC CS 1.66 v10-12',NULL,NULL,NULL,9);
INSERT INTO Stacks VALUES(466,805,'','HOLDOC CSA 1.10 1977 No.32','HOLDOC D 301.79 No. 8',NULL,NULL,NULL,9);
INSERT INTO Stacks VALUES(467,806,'','HOLDOC D 301.79 No.10','HOLDOC FR 1.2 F 31/2 1954',NULL,NULL,NULL,9);
INSERT INTO Stacks VALUES(468,807,'','HOLDOC FR 1.2 F 31/2 1963','HOLDOC GA 1.13 C 73/37',NULL,NULL,NULL,9);
INSERT INTO Stacks VALUES(469,808,'','HOLDOC GA 1.13 C 73/41','HOLDOC HE 20.2420 v.8',NULL,NULL,NULL,9);
INSERT INTO Stacks VALUES(470,809,'','HOLDOC HE 20.2420/2 C65','HOLDOC I 24.7 1915',NULL,NULL,NULL,9);
INSERT INTO Stacks VALUES(471,810,'','HOLDOC I 24.8:1','HOLDOC IC 1 Act 5/2',NULL,NULL,NULL,9);
INSERT INTO Stacks VALUES(472,811,'','HOLDOC IC lmst. 8','HOLDOC Ju 6.8 v.487',NULL,NULL,NULL,9);
INSERT INTO Stacks VALUES(473,812,'','HOLDOC Ju 6.8 v.488','HOLDOC L 2.41/2 v.19 No. 1-6',NULL,NULL,NULL,9);
INSERT INTO Stacks VALUES(474,813,'','HOLDOC L 2.41/2 v.19 No. 7-12','HOLDOC LC 30.9 v.50',NULL,NULL,NULL,9);
INSERT INTO Stacks VALUES(475,814,'','HOLDOC LC 30.9 v.51','HOLDOC PM 1.15 1991',NULL,NULL,NULL,9);
INSERT INTO Stacks VALUES(476,815,'','HOLDOC PM 1.15 1992 March','HOLDOC PREX 3.15 2005',NULL,NULL,NULL,9);
INSERT INTO Stacks VALUES(477,816,'','HOLDOC PrEx 3.17 AS 7','HOLDOC PrEx 7.9/a D141 Dec 1959 pt.3',NULL,NULL,NULL,9);
INSERT INTO Stacks VALUES(478,817,'','HOLDOC PrEx 7.9/a D141 Dec. 1959 pt.4','HOLDOC S 4.7 Nos. 42-44',NULL,NULL,NULL,9);
INSERT INTO Stacks VALUES(479,818,'','HOLDOC S 4.7 No.45','HOLDOC T 22.35/4 v.18 No.3-4',NULL,NULL,NULL,9);
INSERT INTO Stacks VALUES(480,819,'','HOLDOC T 22.35/4 v.19 No.1','HOLDOC Y 1.2/5 1994 ed. v. 17',NULL,NULL,NULL,9);
INSERT INTO Stacks VALUES(481,820,'','HOLDOC Y 1.2/5 1994 ed. v. 18','HOLDOC Y4.Ap 6/1 D36/5 1975-2',NULL,NULL,NULL,9);
INSERT INTO Stacks VALUES(482,821,'','HOLDOC Y4.Ap 6/1 D36/5 1975 pt.9','HOLDOC Y4.C73/7 Iv 7',NULL,NULL,NULL,9);
INSERT INTO Stacks VALUES(483,822,'','HOLDOC Y4.C73/7 L62','HOLDOC Y4.In 8/13 Se 1/5 pt.5',NULL,NULL,NULL,9);
INSERT INTO Stacks VALUES(484,823,'','HOLDOC Y4.In8/13 Se 8','HOLDOC Y4.Sci2 93rd Cong No.1',NULL,NULL,NULL,9);
INSERT INTO Stacks VALUES(485,824,'','HOLDOC Y4.Sci2 93rd Cong No.2','HOLDOC Z999',NULL,NULL,NULL,9);
INSERT INTO Stacks VALUES(486,1000,'http://www.wsulibs.wsu.edu/electric/quickguides/docs/nlm.html','testing','ASDf',NULL,NULL,NULL,6);
CREATE TABLE [Libraries] (
[id] INTEGER  PRIMARY KEY  NOT NULL,
[name] VARCHAR(100)  UNIQUE NULL,
[description] text  NULL
);
INSERT INTO Libraries VALUES(1,'Terrell',NULL);
INSERT INTO Libraries VALUES(2,'Holland',NULL);
COMMIT;
